file_name,section,answer_nums,obs_type,is_unable,is_refuse,is_aftercall,is_nonans
5070597_T,1,"{23,25}",train,FALSE,FALSE,FALSE,FALSE
1313830_T,1,"{13,14,15,17}",train,FALSE,TRUE,FALSE,TRUE
3307581_T,1,{32},test,FALSE,FALSE,FALSE,FALSE
1338716_T,1,"{17,19,21}",test,FALSE,FALSE,FALSE,FALSE
2012178_T,1,"{131,133}",test,FALSE,FALSE,FALSE,FALSE
4721371_T,1,{15},train,FALSE,FALSE,FALSE,FALSE
1343630_T,1,"{57,59}",train,FALSE,FALSE,FALSE,FALSE
1353815_T,1,{6},train,FALSE,FALSE,FALSE,FALSE
1412738_T,1,"{60,62,64}",train,FALSE,FALSE,FALSE,FALSE
4995065_T,1,"{13,15,17}",test,FALSE,FALSE,FALSE,FALSE
1452986_T,1,{20},train,FALSE,FALSE,FALSE,FALSE
4812994_T,1,"{24,26}",train,FALSE,FALSE,FALSE,FALSE
1041457_T,1,{44},test,FALSE,FALSE,FALSE,FALSE
1006561_T,1,{24},train,FALSE,FALSE,FALSE,FALSE
2060916_T,1,{35},test,FALSE,FALSE,FALSE,FALSE
1834042_T,1,{32},train,FALSE,FALSE,FALSE,FALSE
786820_T,1,{37},train,TRUE,FALSE,FALSE,TRUE
2197462_T,1,{31},test,FALSE,FALSE,FALSE,FALSE
2976312_T,1,{19},train,FALSE,FALSE,FALSE,FALSE
1181881_T,1,"{15,16}",train,FALSE,FALSE,FALSE,FALSE
3899188_T,1,{48},train,FALSE,FALSE,FALSE,FALSE
805409_T,1,{37},train,FALSE,FALSE,FALSE,FALSE
1796901_T,1,"{22,24}",train,FALSE,FALSE,FALSE,FALSE
1463921_T,1,{38},train,FALSE,FALSE,FALSE,FALSE
2702043_T,1,{5},test,FALSE,FALSE,FALSE,FALSE
2171602_T,1,{3},test,FALSE,FALSE,FALSE,FALSE
4808032_T,1,{51},train,FALSE,FALSE,FALSE,FALSE
4702055_T,1,"{34,36,38,40,41}",train,FALSE,FALSE,FALSE,FALSE
2075636_T,1,{25},train,FALSE,FALSE,FALSE,FALSE
926473_T,1,"{109,112}",test,FALSE,FALSE,FALSE,FALSE
3471469_T,1,{3},train,FALSE,FALSE,FALSE,FALSE
3672247_T,1,{24},train,FALSE,FALSE,FALSE,FALSE
3678675_T,1,"{16,18,20,21}",train,FALSE,FALSE,FALSE,FALSE
811056_T,1,"{112,114,115}",train,FALSE,FALSE,FALSE,FALSE
1738661_T,1,"{20,22}",test,FALSE,FALSE,FALSE,FALSE
1221743_T,1,{36},train,FALSE,FALSE,FALSE,FALSE
5075537_T,1,"{19,20}",train,TRUE,FALSE,FALSE,TRUE
1679470_T,1,"{33,35,37}",test,FALSE,TRUE,FALSE,TRUE
2000138_T,1,"{12,14}",train,FALSE,FALSE,FALSE,FALSE
1763035_T,1,"{78,80,82}",train,FALSE,FALSE,FALSE,FALSE
4212474_T,1,{50},test,FALSE,FALSE,FALSE,FALSE
2152786_T,1,"{11,13}",train,FALSE,FALSE,FALSE,FALSE
1328402_T,1,{73},train,FALSE,FALSE,FALSE,FALSE
4924053_T,1,{7},test,FALSE,FALSE,FALSE,FALSE
2338441_T,1,{19},test,FALSE,FALSE,FALSE,FALSE
1820585_T,1,{63},train,FALSE,FALSE,FALSE,FALSE
5043328_T,1,{3},train,FALSE,FALSE,FALSE,FALSE
1145599_T,1,{67},test,FALSE,TRUE,FALSE,TRUE
3442073_T,1,{37},test,FALSE,FALSE,FALSE,FALSE
2457410_T,1,{5},train,FALSE,FALSE,FALSE,FALSE
5071116_T,1,"{4,5,6,7,8,10,11,13,14,15,17,19,20,21}",train,FALSE,FALSE,FALSE,FALSE
797605_T,1,{3},test,FALSE,FALSE,FALSE,FALSE
3213067_T,1,"{94,95,96}",test,FALSE,FALSE,FALSE,FALSE
4918709_T,1,{201},train,FALSE,FALSE,FALSE,FALSE
3026291_T,1,"{31,32}",train,FALSE,FALSE,FALSE,FALSE
900997_T,1,{15},test,FALSE,FALSE,FALSE,FALSE
1596907_T,1,{60},train,FALSE,FALSE,FALSE,FALSE
1404860_T,1,{45},train,FALSE,FALSE,FALSE,FALSE
4154070_T,1,{16},train,FALSE,TRUE,FALSE,TRUE
1235873_T,1,{34},train,FALSE,FALSE,FALSE,FALSE
5047377_T,1,{126},train,FALSE,FALSE,FALSE,FALSE
748996_T,1,{31},test,FALSE,FALSE,FALSE,FALSE
962444_T,1,"{85,88,89,90,92,93,94,95,96,97,98}",train,FALSE,FALSE,FALSE,FALSE
3431594_T,1,"{3,4}",train,FALSE,FALSE,FALSE,FALSE
1143583_T,1,"{99,101,102}",train,FALSE,FALSE,FALSE,FALSE
4936989_T,1,{3},train,FALSE,FALSE,FALSE,FALSE
4211375_T,1,"{56,57}",train,FALSE,FALSE,FALSE,FALSE
3369175_T,1,"{78,80,82,84}",train,FALSE,FALSE,FALSE,FALSE
3950641_T,1,"{11,12,13}",test,FALSE,FALSE,FALSE,FALSE
3194208_T,1,{99},train,TRUE,FALSE,FALSE,TRUE
3739534_T,1,{31},train,FALSE,TRUE,FALSE,TRUE
2210015_T,1,"{47,49}",test,FALSE,FALSE,FALSE,FALSE
4143972_T,1,{40},train,FALSE,FALSE,FALSE,FALSE
1590588_T,1,{121},train,TRUE,FALSE,FALSE,TRUE
736527_T,1,{18},train,FALSE,FALSE,FALSE,FALSE
1728004_T,1,{11},test,FALSE,FALSE,FALSE,FALSE
2084814_T,1,{90},train,FALSE,FALSE,FALSE,FALSE
1208392_T,1,{70},train,FALSE,FALSE,FALSE,FALSE
1537683_T,1,{32},train,FALSE,FALSE,FALSE,FALSE
5004231_T,1,"{70,72,74,75}",train,FALSE,FALSE,FALSE,FALSE
4929500_T,1,{103},train,FALSE,FALSE,FALSE,FALSE
3177044_T,1,{7},train,FALSE,FALSE,FALSE,FALSE
950504_T,1,{137},train,TRUE,FALSE,FALSE,TRUE
4165852_T,1,{57},train,FALSE,FALSE,FALSE,FALSE
1089709_T,1,{7},train,FALSE,FALSE,FALSE,FALSE
4811683_T,1,{5},train,FALSE,FALSE,FALSE,FALSE
4921938_T,1,"{3,4}",train,FALSE,FALSE,FALSE,FALSE
1579482_T,1,{70},train,FALSE,FALSE,FALSE,FALSE
4724434_T,1,"{30,32}",train,FALSE,FALSE,FALSE,FALSE
722630_T,1,{7},train,FALSE,FALSE,FALSE,FALSE
3075617_T,1,{3},train,FALSE,FALSE,FALSE,FALSE
1087901_T,1,"{28,30}",test,FALSE,FALSE,FALSE,FALSE
1517133_T,1,{36},train,FALSE,FALSE,FALSE,FALSE
1043135_T,1,"{36,37}",train,FALSE,FALSE,FALSE,FALSE
4215300_T,1,{11},train,FALSE,FALSE,FALSE,FALSE
5067516_T,1,{9},test,FALSE,FALSE,FALSE,FALSE
2016811_T,1,{72},train,FALSE,FALSE,FALSE,FALSE
1450706_T,1,{35},train,FALSE,FALSE,FALSE,FALSE
2171792_T,1,"{159,161}",train,FALSE,TRUE,FALSE,TRUE
4864358_T,1,{24},test,FALSE,FALSE,FALSE,FALSE
1143972_T,1,{68},train,FALSE,FALSE,FALSE,FALSE
2067687_T,1,"{31,32}",train,FALSE,FALSE,FALSE,FALSE
1179497_T,1,"{11,12}",test,FALSE,FALSE,FALSE,FALSE
1617479_T,1,"{3,4,5}",train,FALSE,FALSE,FALSE,FALSE
2751632_T,1,{46},test,FALSE,FALSE,FALSE,FALSE
1911758_T,1,{38},train,FALSE,FALSE,FALSE,FALSE
4166252_T,1,"{20,22,24}",train,FALSE,FALSE,FALSE,FALSE
1589863_T,1,{32},test,FALSE,FALSE,FALSE,FALSE
4870453_T,1,"{61,63}",train,FALSE,FALSE,FALSE,FALSE
2091893_T,1,"{72,74,75,78}",train,TRUE,FALSE,FALSE,TRUE
4693591_T,1,"{63,65,67,68,69,70,71,72}",train,FALSE,FALSE,FALSE,FALSE
1059048_T,1,{59},test,FALSE,FALSE,FALSE,FALSE
5026334_T,1,{63},train,FALSE,FALSE,FALSE,FALSE
4916982_T,1,{4},train,FALSE,FALSE,FALSE,FALSE
1810783_T,1,{7},test,FALSE,FALSE,FALSE,FALSE
5060207_T,1,"{5,6,7,8,9,10,11,12}",train,FALSE,FALSE,FALSE,FALSE
4217399_T,1,{41},train,FALSE,FALSE,FALSE,FALSE
1458819_T,1,"{3,5}",test,FALSE,FALSE,FALSE,FALSE
4887927_T,1,{70},test,FALSE,TRUE,FALSE,TRUE
1782447_T,1,{88},test,FALSE,FALSE,FALSE,FALSE
4715386_T,1,{113},train,FALSE,FALSE,FALSE,FALSE
1471114_T,1,{32},train,FALSE,FALSE,FALSE,FALSE
2001068_T,1,{5},train,FALSE,FALSE,FALSE,FALSE
2006724_T,1,"{72,75,76,77}",train,FALSE,FALSE,FALSE,FALSE
4868587_T,1,{23},test,TRUE,FALSE,FALSE,TRUE
3797864_T,1,"{53,55}",train,FALSE,FALSE,FALSE,FALSE
3996858_T,1,"{51,53,54,55,56}",test,FALSE,FALSE,FALSE,FALSE
4228630_T,1,"{29,31}",train,FALSE,FALSE,FALSE,FALSE
1744023_T,1,"{7,9}",test,TRUE,FALSE,FALSE,TRUE
886051_T,1,"{29,31}",train,TRUE,FALSE,FALSE,TRUE
1740837_T,1,{63},train,FALSE,FALSE,FALSE,FALSE
4743173_T,1,"{31,32}",train,FALSE,FALSE,FALSE,FALSE
1048866_T,1,{97},test,FALSE,FALSE,FALSE,FALSE
4190595_T,1,"{22,24,25}",train,FALSE,FALSE,FALSE,FALSE
4945198_T,1,{11},train,FALSE,FALSE,FALSE,FALSE
1150547_T,1,{13},test,FALSE,FALSE,FALSE,FALSE
5024119_T,1,{16},train,FALSE,FALSE,FALSE,FALSE
1667055_T,1,{23},train,FALSE,FALSE,FALSE,FALSE
1593527_T,1,"{44,46}",train,FALSE,FALSE,FALSE,FALSE
917223_T,1,"{36,38}",train,FALSE,FALSE,FALSE,FALSE
4735755_T,1,{23},test,FALSE,FALSE,FALSE,FALSE
879183_T,1,"{3,5}",test,FALSE,FALSE,FALSE,FALSE
2009438_T,1,"{14,16,18,20,22}",train,FALSE,FALSE,FALSE,FALSE
1803621_T,1,{58},train,FALSE,FALSE,FALSE,FALSE
1302166_T,1,"{35,36}",test,FALSE,FALSE,FALSE,FALSE
4147971_T,1,{56},test,FALSE,FALSE,FALSE,FALSE
4918484_T,1,{34},train,FALSE,FALSE,FALSE,FALSE
1494932_T,1,{43},train,FALSE,FALSE,FALSE,FALSE
2224651_T,1,{78},train,FALSE,FALSE,FALSE,FALSE
5086155_T,1,{3},train,FALSE,FALSE,FALSE,FALSE
904997_T,1,{9},train,FALSE,FALSE,FALSE,FALSE
5066900_T,1,{20},train,FALSE,TRUE,FALSE,TRUE
1547219_T,1,{21},test,FALSE,FALSE,FALSE,FALSE
840279_T,1,"{48,49}",train,FALSE,FALSE,FALSE,FALSE
1474460_T,1,"{47,49}",train,TRUE,FALSE,FALSE,TRUE
4689835_T,1,{11},train,FALSE,FALSE,FALSE,FALSE
4176483_T,1,{3},train,FALSE,FALSE,FALSE,FALSE
1363509_T,1,{50},train,FALSE,FALSE,FALSE,FALSE
1606005_T,1,"{15,16,18}",test,FALSE,FALSE,FALSE,FALSE
1055229_T,1,{27},test,FALSE,FALSE,FALSE,FALSE
5068641_T,1,"{25,26}",train,FALSE,FALSE,FALSE,FALSE
873422_T,1,{31},train,FALSE,TRUE,FALSE,TRUE
1104188_T,1,"{36,38,40}",train,FALSE,FALSE,FALSE,FALSE
3315430_T,1,{96},train,FALSE,FALSE,FALSE,FALSE
954007_T,1,"{6,8}",test,FALSE,FALSE,FALSE,FALSE
2132533_T,1,"{70,72}",train,FALSE,FALSE,FALSE,FALSE
4218530_T,1,{6},test,FALSE,FALSE,FALSE,FALSE
5012479_T,1,"{32,34}",train,FALSE,FALSE,FALSE,FALSE
2173638_T,1,"{75,77,79}",train,FALSE,FALSE,FALSE,FALSE
3258913_T,1,{42},train,FALSE,FALSE,FALSE,FALSE
1315525_T,1,"{20,22}",train,FALSE,FALSE,FALSE,FALSE
2049149_T,1,{93},test,FALSE,FALSE,FALSE,FALSE
2344644_T,1,{2},test,FALSE,FALSE,FALSE,FALSE
1062209_T,1,{23},train,FALSE,FALSE,FALSE,FALSE
797724_T,1,{64},test,FALSE,TRUE,FALSE,TRUE
1881625_T,1,{85},train,FALSE,FALSE,FALSE,FALSE
5057990_T,1,{57},test,FALSE,FALSE,FALSE,FALSE
1002829_T,1,"{124,126}",test,FALSE,FALSE,FALSE,FALSE
2734387_T,1,{63},train,FALSE,FALSE,FALSE,FALSE
2082437_T,1,{18},test,FALSE,FALSE,FALSE,FALSE
1208316_T,1,{140},train,FALSE,FALSE,FALSE,FALSE
5019734_T,1,{37},train,FALSE,FALSE,FALSE,FALSE
837790_T,1,"{155,157}",test,FALSE,TRUE,FALSE,TRUE
1315652_T,1,{29},train,FALSE,FALSE,FALSE,FALSE
5005552_T,1,"{70,71}",train,FALSE,FALSE,FALSE,FALSE
837551_T,1,"{92,94}",test,FALSE,FALSE,FALSE,FALSE
2329997_T,1,"{76,79,80}",test,FALSE,FALSE,FALSE,FALSE
1833093_T,1,{71},test,FALSE,FALSE,FALSE,FALSE
1835220_T,1,{24},train,FALSE,FALSE,FALSE,FALSE
4227621_T,1,{39},train,FALSE,FALSE,FALSE,FALSE
758997_T,1,{3},train,FALSE,FALSE,FALSE,FALSE
852745_T,1,"{49,52}",train,FALSE,FALSE,FALSE,FALSE
3005991_T,1,{38},test,FALSE,FALSE,FALSE,FALSE
3276424_T,1,{20},train,FALSE,FALSE,FALSE,FALSE
3689235_T,1,"{3,5}",train,FALSE,FALSE,FALSE,FALSE
1146686_T,1,{45},train,FALSE,FALSE,FALSE,FALSE
1551241_T,1,{23},train,FALSE,FALSE,FALSE,FALSE
3209849_T,1,{4},train,FALSE,FALSE,FALSE,FALSE
724161_T,1,{87},train,FALSE,FALSE,FALSE,FALSE
718084_T,1,{3},train,FALSE,TRUE,FALSE,TRUE
2126106_T,1,"{67,69}",train,FALSE,FALSE,FALSE,FALSE
1906415_T,1,{7},train,FALSE,FALSE,FALSE,FALSE
1213903_T,1,"{46,48}",test,FALSE,FALSE,FALSE,FALSE
4153484_T,1,"{9,11,14,15,16,17,18,19,20,21}",train,FALSE,FALSE,FALSE,FALSE
3239451_T,1,{47},test,FALSE,FALSE,FALSE,FALSE
1353074_T,1,"{4,6,7,8,10}",train,FALSE,FALSE,FALSE,FALSE
840406_T,1,{36},train,FALSE,FALSE,FALSE,FALSE
1191077_T,1,{60},test,FALSE,FALSE,FALSE,FALSE
2338460_T,1,"{112,114}",test,FALSE,TRUE,FALSE,TRUE
1377918_T,1,"{158,160}",train,FALSE,FALSE,FALSE,FALSE
1569974_T,1,{35},test,FALSE,FALSE,FALSE,FALSE
1059025_T,1,{7},test,FALSE,FALSE,FALSE,FALSE
4161572_T,1,"{29,30}",train,FALSE,TRUE,FALSE,TRUE
4227915_T,1,{64},train,FALSE,FALSE,FALSE,FALSE
5065006_T,1,"{102,103}",train,FALSE,FALSE,FALSE,FALSE
1532661_T,1,{100},test,FALSE,FALSE,FALSE,FALSE
4799520_T,1,{11},train,FALSE,FALSE,FALSE,FALSE
2765309_T,1,"{101,103}",train,FALSE,FALSE,FALSE,FALSE
2321703_T,1,{14},test,FALSE,FALSE,FALSE,FALSE
1232597_T,1,{83},train,FALSE,FALSE,FALSE,FALSE
1354062_T,1,"{95,98}",train,FALSE,FALSE,FALSE,FALSE
1612244_T,1,{27},test,FALSE,TRUE,FALSE,TRUE
1896971_T,1,{81},test,FALSE,FALSE,FALSE,FALSE
2550727_T,1,"{3,6}",train,FALSE,FALSE,FALSE,FALSE
2659786_T,1,{7},train,TRUE,FALSE,FALSE,TRUE
4681324_T,1,"{20,22}",train,FALSE,FALSE,FALSE,FALSE
1616466_T,1,"{47,49}",test,FALSE,FALSE,FALSE,FALSE
1136063_T,1,{23},train,FALSE,FALSE,FALSE,FALSE
1551623_T,1,"{28,29,32,33}",train,FALSE,FALSE,FALSE,FALSE
1786768_T,1,"{13,14,15,16,18}",train,FALSE,FALSE,FALSE,FALSE
827617_T,1,"{11,12}",train,FALSE,FALSE,FALSE,FALSE
4730817_T,1,{30},train,FALSE,FALSE,FALSE,FALSE
4784034_T,1,{43},train,FALSE,FALSE,FALSE,FALSE
2359282_T,1,"{3,5,6,7,10}",test,FALSE,TRUE,FALSE,TRUE
4931419_T,1,"{12,13}",train,FALSE,FALSE,FALSE,FALSE
2178963_T,1,"{53,55}",train,FALSE,FALSE,FALSE,FALSE
4159463_T,1,"{9,10,11}",train,FALSE,FALSE,FALSE,FALSE
2040093_T,1,{46},train,FALSE,FALSE,FALSE,FALSE
2790161_T,1,"{17,19,21}",train,FALSE,FALSE,FALSE,FALSE
1215542_T,1,{37},train,FALSE,FALSE,FALSE,FALSE
667930_T,1,{92},train,FALSE,FALSE,FALSE,FALSE
2369924_T,1,{25},train,FALSE,FALSE,FALSE,FALSE
1234838_T,1,{29},train,FALSE,FALSE,FALSE,FALSE
3094759_T,1,"{3,4,5,6}",test,FALSE,TRUE,FALSE,TRUE
929144_T,1,{22},train,FALSE,FALSE,FALSE,FALSE
1889848_T,1,"{56,58,60}",train,FALSE,TRUE,FALSE,TRUE
1459521_T,1,{26},test,TRUE,FALSE,FALSE,TRUE
1178304_T,1,{33},train,FALSE,FALSE,FALSE,FALSE
5023241_T,1,{24},train,FALSE,FALSE,FALSE,FALSE
939523_T,1,"{8,9}",train,FALSE,TRUE,FALSE,TRUE
913980_T,1,{148},train,FALSE,FALSE,FALSE,FALSE
1528886_T,1,"{9,11,12,14,16}",test,FALSE,FALSE,FALSE,FALSE
799536_T,1,"{27,29}",train,TRUE,FALSE,FALSE,TRUE
797544_T,1,{16},test,FALSE,FALSE,FALSE,FALSE
1811958_T,1,{126},train,FALSE,FALSE,FALSE,FALSE
4760565_T,1,{19},test,FALSE,FALSE,FALSE,FALSE
1529731_T,1,"{112,113,115}",train,FALSE,FALSE,FALSE,FALSE
1512076_T,1,"{16,18}",train,FALSE,FALSE,FALSE,FALSE
1825237_T,1,{24},train,FALSE,FALSE,FALSE,FALSE
1305508_T,1,{14},train,FALSE,FALSE,FALSE,FALSE
2512136_T,1,"{56,58}",train,FALSE,FALSE,FALSE,FALSE
959621_T,1,"{105,106,107,108,110,112}",train,FALSE,FALSE,FALSE,FALSE
1052712_T,1,{47},train,FALSE,FALSE,FALSE,FALSE
1898267_T,1,{20},train,FALSE,FALSE,FALSE,FALSE
4681660_T,1,"{8,9}",test,FALSE,FALSE,FALSE,FALSE
1000202_T,1,{26},train,TRUE,TRUE,FALSE,TRUE
1756684_T,1,{38},test,FALSE,FALSE,FALSE,FALSE
1663373_T,1,{33},train,FALSE,FALSE,FALSE,FALSE
1305907_T,1,"{42,43,44}",train,FALSE,FALSE,FALSE,FALSE
4871638_T,1,"{17,18,19}",test,FALSE,FALSE,FALSE,FALSE
2315973_T,1,{106},test,FALSE,FALSE,FALSE,FALSE
3452116_T,1,"{89,91}",train,TRUE,FALSE,FALSE,TRUE
4141565_T,1,{70},train,FALSE,FALSE,FALSE,FALSE
1595623_T,1,{40},test,FALSE,FALSE,FALSE,FALSE
754976_T,1,{5},train,FALSE,FALSE,FALSE,FALSE
4862754_T,1,"{103,105,106,108}",train,FALSE,FALSE,FALSE,FALSE
3009270_T,1,{3},train,FALSE,FALSE,FALSE,FALSE
2151204_T,1,{3},test,FALSE,FALSE,FALSE,FALSE
4212111_T,1,"{32,33,34}",train,FALSE,FALSE,FALSE,FALSE
3023555_T,1,{29},train,FALSE,FALSE,FALSE,FALSE
4691460_T,1,{3},train,FALSE,FALSE,FALSE,FALSE
4742367_T,1,"{19,20}",train,FALSE,FALSE,FALSE,FALSE
4928209_T,1,{75},test,FALSE,FALSE,FALSE,FALSE
1112268_T,1,{22},train,FALSE,TRUE,FALSE,TRUE
5052993_T,1,"{40,42}",train,FALSE,FALSE,FALSE,FALSE
2317944_T,1,"{60,62}",test,FALSE,FALSE,FALSE,FALSE
4729313_T,1,"{9,11}",test,TRUE,FALSE,FALSE,TRUE
1022968_T,1,"{22,24}",test,FALSE,FALSE,FALSE,FALSE
728519_T,1,"{26,27}",train,FALSE,TRUE,FALSE,TRUE
1406236_T,1,"{3,4}",test,FALSE,FALSE,FALSE,FALSE
2666989_T,1,"{75,77,79,81,83,85,87,89,91}",train,FALSE,FALSE,FALSE,FALSE
908269_T,1,{22},train,FALSE,FALSE,FALSE,FALSE
664060_T,1,{25},train,FALSE,FALSE,FALSE,FALSE
2003465_T,1,{39},train,FALSE,FALSE,FALSE,FALSE
2302426_T,1,{34},train,FALSE,FALSE,FALSE,FALSE
922326_T,1,{59},train,TRUE,FALSE,FALSE,TRUE
5062297_T,1,{3},train,TRUE,FALSE,FALSE,TRUE
1839892_T,1,{26},test,FALSE,FALSE,FALSE,FALSE
3207950_T,1,"{38,40}",train,FALSE,FALSE,FALSE,FALSE
4814300_T,1,{13},train,FALSE,FALSE,FALSE,FALSE
948226_T,1,{27},train,FALSE,FALSE,FALSE,FALSE
2161920_T,1,{71},train,FALSE,TRUE,FALSE,TRUE
3962451_T,1,{6},train,FALSE,FALSE,FALSE,FALSE
946752_T,1,{63},test,FALSE,FALSE,FALSE,FALSE
2680779_T,1,"{79,80}",test,FALSE,FALSE,FALSE,FALSE
1082565_T,1,"{58,59}",test,FALSE,FALSE,FALSE,FALSE
1325699_T,1,"{13,14}",train,FALSE,FALSE,FALSE,FALSE
4792000_T,1,"{8,9,10,12}",train,FALSE,FALSE,FALSE,FALSE
1979449_T,1,{39},train,FALSE,FALSE,FALSE,FALSE
4707968_T,1,{31},train,FALSE,FALSE,FALSE,FALSE
879454_T,1,"{33,35}",train,FALSE,FALSE,FALSE,FALSE
4216740_T,1,{20},test,FALSE,FALSE,FALSE,FALSE
2441920_T,1,{9},train,TRUE,FALSE,FALSE,TRUE
2207501_T,1,{3},train,FALSE,FALSE,FALSE,FALSE
1634036_T,1,{42},train,FALSE,FALSE,FALSE,FALSE
4865058_T,1,{7},train,FALSE,FALSE,FALSE,FALSE
3400281_T,1,"{39,40,42,43,45}",train,FALSE,FALSE,FALSE,FALSE
5001611_T,1,{43},test,FALSE,FALSE,FALSE,FALSE
2735243_T,1,"{15,16,17}",train,TRUE,FALSE,FALSE,TRUE
871549_T,1,"{39,40,41}",test,FALSE,FALSE,FALSE,FALSE
1223764_T,1,"{25,26}",train,FALSE,FALSE,FALSE,FALSE
2532499_T,1,{16},test,FALSE,FALSE,FALSE,FALSE
4856501_T,1,{35},train,FALSE,FALSE,FALSE,FALSE
1815076_T,1,{26},train,TRUE,FALSE,FALSE,TRUE
1597022_T,1,{60},train,FALSE,FALSE,FALSE,FALSE
1690147_T,1,{35},test,FALSE,FALSE,FALSE,FALSE
1659082_T,1,{71},train,FALSE,FALSE,FALSE,FALSE
805737_T,1,{58},train,FALSE,FALSE,FALSE,FALSE
3021315_T,1,{3},train,FALSE,FALSE,FALSE,FALSE
1477450_T,1,{58},train,FALSE,FALSE,FALSE,FALSE
993180_T,1,"{88,90}",train,FALSE,FALSE,FALSE,FALSE
1199356_T,1,"{52,53,54,55,56}",test,FALSE,FALSE,FALSE,FALSE
2374144_T,1,{38},test,FALSE,FALSE,FALSE,FALSE
3242279_T,1,"{18,20}",train,FALSE,FALSE,FALSE,FALSE
4135162_T,1,{3},train,FALSE,FALSE,FALSE,FALSE
860377_T,1,"{63,65,67}",test,FALSE,FALSE,FALSE,FALSE
4781210_T,1,{16},test,FALSE,FALSE,FALSE,FALSE
2359880_T,1,"{3,5}",test,FALSE,FALSE,FALSE,FALSE
2695860_T,1,{41},train,FALSE,FALSE,FALSE,FALSE
798827_T,1,{7},train,FALSE,FALSE,FALSE,FALSE
1350514_T,1,"{51,52}",train,FALSE,FALSE,FALSE,FALSE
758982_T,1,{71},train,FALSE,FALSE,FALSE,FALSE
695531_T,1,{166},train,FALSE,FALSE,FALSE,FALSE
4968947_T,1,"{21,22,23}",train,FALSE,FALSE,FALSE,FALSE
3236612_T,1,{17},test,FALSE,FALSE,FALSE,FALSE
1421666_T,1,{26},train,FALSE,FALSE,FALSE,FALSE
4212570_T,1,{13},train,FALSE,FALSE,FALSE,FALSE
723218_T,1,{38},test,FALSE,FALSE,FALSE,FALSE
3169501_T,1,{31},train,FALSE,FALSE,FALSE,FALSE
4859342_T,1,"{9,10,12,13,14,15,16,17,19,20,21,22,23,24,25,26,28,29,30,31,32,33,34,35,37,38,39,40,42,43,44,45}",train,FALSE,TRUE,FALSE,TRUE
1485127_T,1,"{39,41}",test,FALSE,FALSE,FALSE,FALSE
1689151_T,1,"{3,5,7,8}",train,FALSE,FALSE,FALSE,FALSE
2176700_T,1,{20},test,FALSE,FALSE,FALSE,FALSE
2327356_T,1,"{3,4,5}",train,FALSE,TRUE,FALSE,TRUE
5000625_T,1,"{66,68,70}",train,FALSE,FALSE,FALSE,FALSE
1743849_T,1,{63},train,FALSE,FALSE,FALSE,FALSE
4851567_T,1,{93},train,FALSE,FALSE,FALSE,FALSE
797396_T,1,{32},test,FALSE,FALSE,FALSE,FALSE
2698339_T,1,{33},train,FALSE,FALSE,FALSE,FALSE
1050143_T,1,{18},train,FALSE,FALSE,FALSE,FALSE
4718281_T,1,"{53,55}",test,TRUE,FALSE,FALSE,TRUE
2667034_T,1,{107},train,FALSE,FALSE,FALSE,FALSE
1386383_T,1,{21},train,FALSE,FALSE,FALSE,FALSE
1308811_T,1,{27},train,FALSE,FALSE,FALSE,FALSE
1927434_T,1,{5},train,FALSE,FALSE,FALSE,FALSE
4693280_T,1,{13},train,FALSE,FALSE,FALSE,FALSE
2020061_T,1,{2},train,FALSE,FALSE,FALSE,FALSE
4982405_T,1,"{14,16}",train,FALSE,FALSE,FALSE,FALSE
4907633_T,1,"{9,10}",test,FALSE,FALSE,FALSE,FALSE
2082842_T,1,{3},train,FALSE,FALSE,FALSE,FALSE
787059_T,1,"{3,5}",train,FALSE,FALSE,FALSE,FALSE
2005069_T,1,"{3,5,7}",train,FALSE,FALSE,FALSE,FALSE
4806408_T,1,{10},train,FALSE,FALSE,FALSE,FALSE
723379_T,1,{17},train,FALSE,FALSE,FALSE,FALSE
957559_T,1,"{46,47,48}",train,FALSE,TRUE,FALSE,TRUE
1540414_T,1,"{15,17}",test,FALSE,FALSE,FALSE,FALSE
1318099_T,1,{113},train,FALSE,FALSE,FALSE,FALSE
1759776_T,1,{35},train,TRUE,FALSE,FALSE,TRUE
1161720_T,1,{11},train,FALSE,FALSE,FALSE,FALSE
3072982_T,1,{14},train,FALSE,FALSE,FALSE,FALSE
3714855_T,1,{78},train,FALSE,FALSE,FALSE,FALSE
1897540_T,1,{3},train,FALSE,FALSE,FALSE,FALSE
1049496_T,1,{5},train,FALSE,FALSE,FALSE,FALSE
2315721_T,1,{3},train,FALSE,FALSE,FALSE,FALSE
889767_T,1,"{28,30}",train,FALSE,FALSE,FALSE,FALSE
1367456_T,1,"{35,36}",train,FALSE,FALSE,FALSE,FALSE
4736242_T,1,"{23,24,25}",train,FALSE,FALSE,FALSE,FALSE
5015172_T,1,"{18,20,22}",train,FALSE,TRUE,FALSE,TRUE
960292_T,1,"{16,17}",train,TRUE,FALSE,FALSE,TRUE
1829253_T,1,{81},train,FALSE,FALSE,FALSE,FALSE
1197276_T,1,"{41,42,43,44,45,46,47,48,49}",train,FALSE,FALSE,FALSE,FALSE
5019167_T,1,{11},train,FALSE,FALSE,FALSE,FALSE
4998423_T,1,{37},train,FALSE,TRUE,FALSE,TRUE
4713515_T,1,{31},test,FALSE,FALSE,FALSE,FALSE
965421_T,1,{22},test,FALSE,FALSE,FALSE,FALSE
1879914_T,1,{3},train,FALSE,FALSE,FALSE,FALSE
3425491_T,1,"{21,22}",train,FALSE,FALSE,FALSE,FALSE
1387622_T,1,{42},train,FALSE,FALSE,FALSE,FALSE
1397782_T,1,"{15,16}",train,TRUE,FALSE,FALSE,TRUE
2550064_T,1,{2},test,FALSE,FALSE,FALSE,FALSE
1397740_T,1,"{7,8}",train,FALSE,FALSE,FALSE,FALSE
840354_T,1,{45},train,FALSE,FALSE,FALSE,FALSE
1610678_T,1,"{37,39,41}",test,FALSE,FALSE,FALSE,FALSE
1521454_T,1,{34},test,FALSE,FALSE,FALSE,FALSE
1305918_T,1,"{36,38}",train,FALSE,FALSE,FALSE,FALSE
1085514_T,1,{47},test,FALSE,FALSE,FALSE,FALSE
2477859_T,1,{19},train,FALSE,FALSE,FALSE,FALSE
953125_T,1,{25},test,FALSE,FALSE,FALSE,FALSE
3972901_T,1,{39},train,FALSE,FALSE,FALSE,FALSE
998196_T,1,"{24,26,28}",train,FALSE,FALSE,FALSE,FALSE
1898039_T,1,{42},train,TRUE,FALSE,FALSE,TRUE
1192766_T,1,{175},train,FALSE,FALSE,FALSE,FALSE
3227952_T,1,{6},train,FALSE,FALSE,FALSE,FALSE
2039751_T,1,{13},train,FALSE,FALSE,FALSE,FALSE
1111502_T,1,{11},train,FALSE,FALSE,FALSE,FALSE
922887_T,1,"{12,14}",train,FALSE,FALSE,FALSE,FALSE
1335339_T,1,{3},train,FALSE,FALSE,FALSE,FALSE
4152709_T,1,"{9,10}",train,FALSE,FALSE,FALSE,FALSE
731236_T,1,"{85,86,88,89}",train,FALSE,FALSE,FALSE,FALSE
2157109_T,1,{13},train,FALSE,FALSE,FALSE,FALSE
2186554_T,1,{7},train,TRUE,FALSE,FALSE,TRUE
1102004_T,1,{83},train,FALSE,FALSE,FALSE,FALSE
1605884_T,1,{32},train,FALSE,FALSE,FALSE,FALSE
4745357_T,1,{6},train,FALSE,FALSE,FALSE,FALSE
1115083_T,1,"{45,46,47,49,50}",test,FALSE,FALSE,FALSE,FALSE
4862345_T,1,{14},test,FALSE,FALSE,FALSE,FALSE
4221664_T,1,{75},train,FALSE,FALSE,FALSE,FALSE
1839032_T,1,"{19,21,23}",train,FALSE,FALSE,FALSE,FALSE
1882435_T,1,"{46,47}",train,FALSE,FALSE,FALSE,FALSE
1400992_T,1,"{5,9}",train,FALSE,FALSE,FALSE,FALSE
917302_T,1,"{34,35}",train,FALSE,TRUE,FALSE,TRUE
1805206_T,1,{80},train,FALSE,FALSE,FALSE,FALSE
2520167_T,1,"{21,22}",train,FALSE,FALSE,FALSE,FALSE
3211034_T,1,"{37,39,41}",train,FALSE,FALSE,FALSE,FALSE
1485036_T,1,{35},train,FALSE,FALSE,FALSE,FALSE
4037767_T,1,"{17,19}",test,FALSE,FALSE,FALSE,FALSE
762433_T,1,{44},train,FALSE,FALSE,FALSE,FALSE
1145524_T,1,{35},train,TRUE,FALSE,FALSE,TRUE
4853766_T,1,{3},train,FALSE,FALSE,FALSE,FALSE
4917152_T,1,"{65,67}",train,FALSE,FALSE,FALSE,FALSE
4957625_T,1,"{49,52}",train,FALSE,FALSE,FALSE,FALSE
1397869_T,1,{31},train,FALSE,TRUE,FALSE,TRUE
2956748_T,1,"{9,11}",train,FALSE,FALSE,FALSE,FALSE
1202940_T,1,{7},test,FALSE,TRUE,FALSE,TRUE
862974_T,1,"{3,5}",train,FALSE,FALSE,FALSE,FALSE
2955243_T,1,{57},test,FALSE,FALSE,FALSE,FALSE
1818077_T,1,{21},train,FALSE,FALSE,FALSE,FALSE
728266_T,1,{39},train,FALSE,FALSE,FALSE,FALSE
2430904_T,1,{81},train,FALSE,FALSE,FALSE,FALSE
1813544_T,1,{11},test,TRUE,FALSE,FALSE,TRUE
1522229_T,1,"{24,26}",train,FALSE,FALSE,FALSE,FALSE
1564735_T,1,"{37,38}",test,FALSE,FALSE,FALSE,FALSE
3976762_T,1,"{5,7,8}",train,FALSE,FALSE,FALSE,FALSE
1783527_T,1,{43},train,FALSE,FALSE,FALSE,FALSE
1572543_T,1,"{5,7}",train,FALSE,FALSE,FALSE,FALSE
1453137_T,1,{90},test,FALSE,FALSE,FALSE,FALSE
966557_T,1,{3},train,FALSE,FALSE,FALSE,FALSE
1366182_T,1,{5},train,FALSE,FALSE,FALSE,FALSE
3309974_T,1,{11},train,FALSE,FALSE,FALSE,FALSE
5063926_T,1,"{60,64,66}",train,FALSE,FALSE,FALSE,FALSE
2331229_T,1,"{6,8}",train,TRUE,FALSE,FALSE,TRUE
3960653_T,1,{9},train,FALSE,FALSE,FALSE,FALSE
3052570_T,1,"{5,7}",train,FALSE,FALSE,FALSE,FALSE
2163040_T,1,{61},train,FALSE,FALSE,FALSE,FALSE
4758529_T,1,{27},train,FALSE,FALSE,FALSE,FALSE
1018469_T,1,{90},train,FALSE,FALSE,FALSE,FALSE
1712803_T,1,{24},train,FALSE,FALSE,FALSE,FALSE
1676959_T,1,"{61,62,63,64,65,66,67,68,69,70}",train,FALSE,FALSE,FALSE,FALSE
4154534_T,1,{20},train,TRUE,FALSE,FALSE,TRUE
5030717_T,1,{14},train,TRUE,FALSE,FALSE,TRUE
4794821_T,1,"{46,48,49}",test,FALSE,FALSE,FALSE,FALSE
4959783_T,1,"{124,126,128,130}",train,FALSE,FALSE,FALSE,FALSE
1924844_T,1,{31},test,FALSE,FALSE,FALSE,FALSE
1893776_T,1,"{30,32}",train,FALSE,FALSE,FALSE,FALSE
3669417_T,1,"{122,124}",test,FALSE,FALSE,FALSE,FALSE
4854469_T,1,"{3,4,5,6,8}",train,FALSE,FALSE,FALSE,FALSE
763428_T,1,{219},train,FALSE,FALSE,FALSE,FALSE
4786985_T,1,{102},train,FALSE,FALSE,FALSE,FALSE
3669565_T,1,{92},train,FALSE,FALSE,FALSE,FALSE
1348058_T,1,"{55,57,59}",train,FALSE,FALSE,FALSE,FALSE
3680770_T,1,{32},test,FALSE,FALSE,FALSE,FALSE
2016386_T,1,"{26,28}",test,TRUE,TRUE,FALSE,TRUE
1532660_T,1,{55},train,FALSE,FALSE,FALSE,FALSE
2073021_T,1,{9},train,FALSE,FALSE,FALSE,FALSE
3765824_T,1,"{9,10,11}",train,FALSE,FALSE,FALSE,FALSE
2394208_T,1,{11},test,TRUE,FALSE,FALSE,TRUE
998213_T,1,{28},test,FALSE,FALSE,FALSE,FALSE
3223578_T,1,{77},train,FALSE,FALSE,FALSE,FALSE
4182154_T,1,"{66,67,68,69,70,71,72,73}",train,FALSE,FALSE,FALSE,FALSE
4178695_T,1,{44},train,FALSE,FALSE,FALSE,FALSE
738620_T,1,{24},train,FALSE,FALSE,FALSE,FALSE
1602457_T,1,{5},train,FALSE,FALSE,FALSE,FALSE
1679829_T,1,"{98,100,101,103}",train,FALSE,FALSE,FALSE,FALSE
1465887_T,1,"{76,77,79,80}",train,FALSE,FALSE,FALSE,FALSE
1887909_T,1,"{59,61,63}",test,FALSE,FALSE,FALSE,FALSE
2471722_T,1,"{17,19,21,22}",train,FALSE,FALSE,FALSE,FALSE
4789404_T,1,{25},train,FALSE,FALSE,FALSE,FALSE
1395401_T,1,{13},train,FALSE,FALSE,FALSE,FALSE
3104162_T,1,{12},train,FALSE,FALSE,FALSE,FALSE
4801584_T,1,{16},train,FALSE,FALSE,FALSE,FALSE
2737383_T,1,{15},test,FALSE,FALSE,FALSE,FALSE
1105363_T,1,"{37,39,41}",train,FALSE,FALSE,FALSE,FALSE
1904364_T,1,"{42,44,46,48}",train,FALSE,FALSE,FALSE,FALSE
1473796_T,1,{101},train,FALSE,FALSE,FALSE,FALSE
1093872_T,1,{60},train,FALSE,FALSE,FALSE,FALSE
4221705_T,1,"{3,5}",train,FALSE,FALSE,FALSE,FALSE
1287156_T,1,{34},train,FALSE,FALSE,FALSE,FALSE
2340835_T,1,{20},train,FALSE,FALSE,FALSE,FALSE
956921_T,1,{17},train,FALSE,FALSE,FALSE,FALSE
4948180_T,1,{59},test,FALSE,FALSE,FALSE,FALSE
875954_T,1,{3},train,FALSE,FALSE,FALSE,FALSE
1015188_T,1,{9},test,FALSE,FALSE,FALSE,FALSE
1776791_T,1,"{16,18,20}",test,FALSE,FALSE,FALSE,FALSE
1068200_T,1,{39},test,FALSE,FALSE,FALSE,FALSE
2086197_T,1,"{58,60}",train,FALSE,FALSE,FALSE,FALSE
2788198_T,1,{10},test,TRUE,FALSE,FALSE,TRUE
4979851_T,1,{74},train,FALSE,FALSE,FALSE,FALSE
2072409_T,1,"{40,41,42,43,44}",train,FALSE,FALSE,FALSE,FALSE
4733193_T,1,"{9,12,13,14,15,16,17,18,19,20,21,22,23,24,25,26,27,28,29,30,31,32,33,34,35,36,37,39,40,41,42,43,44,45,46,47,48,49,50,51,53,54,55,56,57,58,59,60,61,62,63,64,65,66,67,68,69,70,71,72,73,74,75,76,77,78,79,80,81,82,84}",test,FALSE,TRUE,FALSE,TRUE
2456527_T,1,"{34,35,36,37,38,39,40}",train,FALSE,TRUE,FALSE,TRUE
1600865_T,1,"{18,21,23}",test,FALSE,TRUE,FALSE,TRUE
668538_T,1,{26},test,TRUE,FALSE,FALSE,TRUE
1236151_T,1,"{3,4}",train,FALSE,FALSE,FALSE,FALSE
4997880_T,1,{7},train,FALSE,FALSE,FALSE,FALSE
4710368_T,1,{17},train,FALSE,TRUE,FALSE,TRUE
1746927_T,1,{22},test,FALSE,TRUE,FALSE,TRUE
1204512_T,1,{25},train,FALSE,FALSE,FALSE,FALSE
2085520_T,1,{29},test,TRUE,FALSE,FALSE,TRUE
1420275_T,1,{8},train,FALSE,FALSE,FALSE,FALSE
1351293_T,1,{89},train,FALSE,FALSE,FALSE,FALSE
4158566_T,1,{17},test,FALSE,FALSE,FALSE,FALSE
4913789_T,1,{20},train,FALSE,FALSE,FALSE,FALSE
1015743_T,1,{11},test,FALSE,TRUE,FALSE,TRUE
754937_T,1,"{3,4}",train,FALSE,TRUE,FALSE,TRUE
2484092_T,1,"{138,140,142,143,145,146}",train,TRUE,FALSE,FALSE,TRUE
1022265_T,1,"{38,40}",train,FALSE,FALSE,FALSE,FALSE
2091671_T,1,"{10,12}",test,FALSE,FALSE,FALSE,FALSE
4161935_T,1,"{3,4}",train,FALSE,FALSE,FALSE,FALSE
2341194_T,1,"{58,60}",train,FALSE,FALSE,FALSE,FALSE
1454039_T,1,"{3,5}",train,FALSE,TRUE,FALSE,TRUE
3207290_T,1,{30},train,FALSE,FALSE,FALSE,FALSE
762887_T,1,"{60,62}",train,FALSE,FALSE,FALSE,FALSE
931917_T,1,"{13,14,16}",train,FALSE,FALSE,FALSE,FALSE
4795714_T,1,{3},train,FALSE,FALSE,FALSE,FALSE
795280_T,1,{25},train,FALSE,FALSE,FALSE,FALSE
2081323_T,1,{9},train,FALSE,FALSE,FALSE,FALSE
3017477_T,1,{30},train,FALSE,TRUE,FALSE,TRUE
4702627_T,1,"{59,61}",train,FALSE,FALSE,FALSE,FALSE
1029958_T,1,{40},train,FALSE,FALSE,FALSE,FALSE
869723_T,1,{61},test,FALSE,FALSE,FALSE,FALSE
2213790_T,1,"{5,6}",train,FALSE,FALSE,FALSE,FALSE
3083079_T,1,{5},train,FALSE,FALSE,FALSE,FALSE
1452215_T,1,{11},train,FALSE,FALSE,FALSE,FALSE
1839031_T,1,{37},test,FALSE,FALSE,FALSE,FALSE
722166_T,1,{3},train,FALSE,FALSE,FALSE,FALSE
1199528_T,1,"{19,20}",train,FALSE,FALSE,FALSE,FALSE
918704_T,1,"{31,33}",train,FALSE,FALSE,FALSE,FALSE
1449836_T,1,{22},test,FALSE,FALSE,FALSE,FALSE
1742893_T,1,{7},train,FALSE,FALSE,FALSE,FALSE
1980996_T,1,"{38,39}",train,FALSE,FALSE,FALSE,FALSE
4228717_T,1,{3},train,FALSE,TRUE,FALSE,TRUE
1666937_T,1,{23},train,FALSE,FALSE,FALSE,FALSE
847730_T,1,"{3,4}",test,FALSE,FALSE,FALSE,FALSE
3221189_T,1,{101},test,FALSE,FALSE,FALSE,FALSE
3288714_T,1,{43},train,FALSE,FALSE,FALSE,FALSE
2191173_T,1,{52},test,FALSE,FALSE,FALSE,FALSE
1111473_T,1,{58},test,FALSE,FALSE,FALSE,FALSE
3263497_T,1,{29},test,FALSE,FALSE,FALSE,FALSE
1871840_T,1,"{100,101}",train,FALSE,FALSE,FALSE,FALSE
4015047_T,1,{3},test,FALSE,FALSE,FALSE,FALSE
3073659_T,1,"{11,13,15}",train,FALSE,FALSE,FALSE,FALSE
1415819_T,1,{88},train,FALSE,FALSE,FALSE,FALSE
1490857_T,1,"{61,62}",test,FALSE,FALSE,FALSE,FALSE
1113255_T,1,"{95,97}",test,FALSE,TRUE,FALSE,TRUE
1359147_T,1,{90},train,FALSE,FALSE,FALSE,FALSE
3434386_T,1,{53},test,FALSE,FALSE,FALSE,FALSE
1298554_T,1,{114},train,FALSE,FALSE,FALSE,FALSE
1008369_T,1,{64},train,TRUE,FALSE,FALSE,TRUE
4790337_T,1,{7},train,FALSE,FALSE,FALSE,FALSE
1302991_T,1,"{19,20,21,22,23,25}",test,FALSE,FALSE,FALSE,FALSE
1101231_T,1,{11},test,FALSE,FALSE,FALSE,FALSE
1383438_T,1,"{47,49,51,53}",test,FALSE,FALSE,FALSE,FALSE
2209453_T,1,{45},train,FALSE,TRUE,FALSE,TRUE
4759954_T,1,{5},train,FALSE,FALSE,FALSE,FALSE
2801234_T,1,{45},train,FALSE,FALSE,FALSE,FALSE
2083940_T,1,"{99,100,102}",train,FALSE,FALSE,FALSE,FALSE
919788_T,1,"{12,14}",train,FALSE,FALSE,FALSE,FALSE
1734287_T,1,{29},train,FALSE,FALSE,FALSE,FALSE
3457256_T,1,{29},train,FALSE,TRUE,FALSE,TRUE
5011030_T,1,"{6,7,8,9,10,11,12,13,14,15,16,17,18,19,20,21,22,24}",test,FALSE,TRUE,FALSE,TRUE
4004752_T,1,"{36,37}",train,FALSE,FALSE,FALSE,FALSE
1776944_T,1,{33},train,FALSE,FALSE,FALSE,FALSE
1586693_T,1,{62},train,FALSE,FALSE,FALSE,FALSE
4793063_T,1,"{7,8,9}",train,FALSE,FALSE,FALSE,FALSE
5043050_T,1,{52},train,FALSE,FALSE,FALSE,FALSE
4159420_T,1,{33},test,FALSE,FALSE,FALSE,FALSE
1114243_T,1,{23},train,FALSE,FALSE,FALSE,FALSE
4738764_T,1,"{44,46}",train,FALSE,FALSE,FALSE,FALSE
1299696_T,1,"{31,32}",train,FALSE,FALSE,FALSE,FALSE
2345322_T,1,"{65,67,69}",train,TRUE,FALSE,FALSE,TRUE
1995992_T,1,{16},train,FALSE,FALSE,FALSE,FALSE
4241144_T,1,"{47,48}",train,FALSE,TRUE,FALSE,TRUE
1697660_T,1,{32},test,FALSE,FALSE,FALSE,FALSE
764661_T,1,{18},test,FALSE,FALSE,FALSE,FALSE
3493951_T,1,{26},train,FALSE,FALSE,FALSE,FALSE
1756082_T,1,{7},train,FALSE,FALSE,FALSE,FALSE
4852593_T,1,{85},train,FALSE,FALSE,FALSE,FALSE
4820573_T,1,{20},train,FALSE,FALSE,FALSE,FALSE
1165259_T,1,"{107,109}",test,FALSE,FALSE,FALSE,FALSE
2009134_T,1,{51},train,FALSE,FALSE,FALSE,FALSE
4756202_T,1,{65},train,FALSE,FALSE,FALSE,FALSE
4797079_T,1,"{19,21}",train,FALSE,FALSE,FALSE,FALSE
931578_T,1,{47},test,FALSE,FALSE,FALSE,FALSE
729826_T,1,"{9,11}",test,FALSE,FALSE,FALSE,FALSE
663787_T,1,"{6,8}",train,TRUE,FALSE,FALSE,TRUE
949980_T,1,{70},train,FALSE,FALSE,FALSE,FALSE
4747623_T,1,{29},train,FALSE,TRUE,FALSE,TRUE
5065250_T,1,"{45,47}",train,FALSE,FALSE,FALSE,FALSE
5055280_T,1,{39},test,FALSE,FALSE,FALSE,FALSE
2329101_T,1,{68},train,FALSE,FALSE,FALSE,FALSE
2966628_T,1,"{27,29,31,33,35,37,39,41,43,45,47,49}",test,FALSE,FALSE,FALSE,FALSE
1624655_T,1,{29},train,TRUE,FALSE,FALSE,TRUE
1726287_T,1,"{103,105}",train,FALSE,FALSE,FALSE,FALSE
4926886_T,1,{43},train,TRUE,FALSE,FALSE,TRUE
841306_T,1,{23},test,FALSE,FALSE,FALSE,FALSE
1119013_T,1,{73},train,FALSE,FALSE,FALSE,FALSE
1371026_T,1,{117},test,FALSE,FALSE,FALSE,FALSE
4982178_T,1,{34},train,FALSE,FALSE,FALSE,FALSE
1827643_T,1,"{5,7}",test,FALSE,FALSE,FALSE,FALSE
1203014_T,1,{11},test,FALSE,FALSE,FALSE,FALSE
4753034_T,1,{10},train,FALSE,FALSE,FALSE,FALSE
3699469_T,1,{35},test,FALSE,FALSE,FALSE,FALSE
1459796_T,1,{3},train,FALSE,FALSE,FALSE,FALSE
797325_T,1,"{15,16}",train,FALSE,TRUE,FALSE,TRUE
739414_T,1,"{10,12}",train,FALSE,FALSE,FALSE,FALSE
845229_T,2,"{63,64,65,66}",train,FALSE,FALSE,FALSE,FALSE
1772499_T,1,"{47,48}",train,FALSE,FALSE,FALSE,FALSE
2708909_T,1,"{97,99}",test,FALSE,FALSE,FALSE,FALSE
2146851_T,1,{47},train,FALSE,FALSE,FALSE,FALSE
876945_T,1,"{3,5,7,9}",test,TRUE,FALSE,FALSE,TRUE
4704769_T,1,{73},train,FALSE,FALSE,FALSE,FALSE
1740196_T,1,{3},train,FALSE,FALSE,FALSE,FALSE
1062981_T,1,{26},train,FALSE,FALSE,FALSE,FALSE
4714244_T,1,{70},test,FALSE,FALSE,FALSE,FALSE
3457510_T,1,"{68,69,70}",train,FALSE,FALSE,FALSE,FALSE
2159905_T,1,"{17,19}",train,FALSE,FALSE,FALSE,FALSE
1717328_T,1,{102},train,FALSE,FALSE,FALSE,FALSE
2673167_T,1,{52},train,FALSE,FALSE,FALSE,FALSE
1836234_T,1,{7},train,FALSE,FALSE,FALSE,FALSE
1794576_T,1,"{102,104}",test,FALSE,FALSE,FALSE,FALSE
1406643_T,1,"{26,27}",test,FALSE,FALSE,FALSE,FALSE
4873009_T,1,"{40,42}",train,FALSE,FALSE,FALSE,FALSE
758691_T,1,{3},train,FALSE,FALSE,FALSE,FALSE
1077061_T,1,{62},train,TRUE,FALSE,FALSE,TRUE
773953_T,1,"{96,98,100,101}",train,TRUE,FALSE,FALSE,TRUE
1795590_T,1,{66},train,FALSE,FALSE,FALSE,FALSE
2667500_T,1,"{55,57}",train,TRUE,FALSE,FALSE,TRUE
839714_T,1,{121},train,FALSE,FALSE,FALSE,FALSE
4889008_T,1,"{25,26}",train,TRUE,FALSE,FALSE,TRUE
3803073_T,1,"{13,14}",train,FALSE,FALSE,TRUE,TRUE
4922034_T,1,{32},test,FALSE,FALSE,FALSE,FALSE
795215_T,1,{37},train,FALSE,FALSE,FALSE,FALSE
1213122_T,1,{3},train,FALSE,FALSE,FALSE,FALSE
4098543_T,1,{13},train,FALSE,FALSE,FALSE,FALSE
1599853_T,1,"{142,145}",train,FALSE,FALSE,FALSE,FALSE
2765410_T,1,"{43,45}",train,FALSE,FALSE,FALSE,FALSE
734339_T,1,"{53,54}",train,FALSE,FALSE,FALSE,FALSE
695764_T,1,"{6,8}",train,FALSE,FALSE,FALSE,FALSE
2493763_T,1,{149},train,FALSE,FALSE,FALSE,FALSE
4838331_T,1,{3},train,FALSE,FALSE,FALSE,FALSE
1745831_T,1,"{75,77}",train,FALSE,FALSE,FALSE,FALSE
1059689_T,1,"{23,25,26}",train,FALSE,FALSE,FALSE,FALSE
1673850_T,1,{31},train,FALSE,FALSE,FALSE,FALSE
1128748_T,1,{104},test,FALSE,FALSE,FALSE,FALSE
4214981_T,1,{45},test,FALSE,FALSE,FALSE,FALSE
2310044_T,1,"{23,24}",test,FALSE,FALSE,FALSE,FALSE
4783049_T,1,{41},test,FALSE,FALSE,FALSE,FALSE
2083292_T,1,"{11,12,13}",train,FALSE,FALSE,FALSE,FALSE
4990387_T,1,{9},test,FALSE,FALSE,FALSE,FALSE
4192320_T,1,"{3,5,6,8,9,11,12,15}",train,FALSE,TRUE,FALSE,TRUE
1314307_T,1,{44},test,FALSE,FALSE,FALSE,FALSE
1712702_T,1,"{27,29}",train,FALSE,FALSE,FALSE,FALSE
926028_T,1,"{94,96}",train,TRUE,FALSE,FALSE,TRUE
4933379_T,1,{5},train,FALSE,FALSE,FALSE,FALSE
3963865_T,1,{11},test,FALSE,FALSE,FALSE,FALSE
733043_T,1,"{7,9,10}",test,FALSE,FALSE,FALSE,FALSE
1715026_T,1,"{33,34,35,36,37,39,40}",train,FALSE,FALSE,FALSE,FALSE
4927936_T,1,{130},train,TRUE,FALSE,FALSE,TRUE
1029352_T,1,{104},train,FALSE,FALSE,FALSE,FALSE
4722600_T,1,{36},train,FALSE,FALSE,FALSE,FALSE
1423345_T,1,{125},test,FALSE,FALSE,FALSE,FALSE
1035005_T,1,{47},train,FALSE,FALSE,FALSE,FALSE
4240993_T,1,{15},train,FALSE,FALSE,FALSE,FALSE
966253_T,1,"{14,15,16}",train,FALSE,FALSE,FALSE,FALSE
2256705_T,1,"{39,41,43}",test,FALSE,FALSE,FALSE,FALSE
2270416_T,1,"{50,52}",train,FALSE,FALSE,FALSE,FALSE
4230107_T,1,{46},train,FALSE,FALSE,FALSE,FALSE
3425853_T,1,{139},test,FALSE,FALSE,FALSE,FALSE
4890182_T,1,"{57,59,60}",train,FALSE,FALSE,FALSE,FALSE
2163023_T,1,"{5,7}",test,FALSE,FALSE,FALSE,FALSE
774292_T,1,{70},train,FALSE,FALSE,FALSE,FALSE
1149222_T,1,"{45,47}",train,FALSE,TRUE,FALSE,TRUE
4720492_T,1,"{29,30}",test,FALSE,FALSE,FALSE,FALSE
4797842_T,1,"{26,28}",train,FALSE,TRUE,FALSE,TRUE
1529560_T,1,{56},train,FALSE,FALSE,FALSE,FALSE
834999_T,1,"{122,124}",train,FALSE,FALSE,FALSE,FALSE
3963712_T,1,{12},test,FALSE,FALSE,FALSE,FALSE
1465034_T,1,{102},train,TRUE,FALSE,FALSE,TRUE
1214839_T,1,{7},test,FALSE,FALSE,FALSE,FALSE
1055217_T,1,{5},test,FALSE,FALSE,FALSE,FALSE
3208707_T,1,"{101,102}",test,FALSE,FALSE,FALSE,FALSE
1988536_T,1,{187},test,FALSE,FALSE,FALSE,FALSE
1392779_T,1,"{69,70,71}",train,FALSE,FALSE,FALSE,FALSE
1155783_T,1,{27},test,FALSE,FALSE,FALSE,FALSE
1492613_T,1,"{10,12}",train,FALSE,FALSE,FALSE,FALSE
995280_T,1,{48},test,FALSE,FALSE,FALSE,FALSE
2445728_T,1,"{95,96}",train,FALSE,FALSE,FALSE,FALSE
1087368_T,1,{27},train,FALSE,FALSE,FALSE,FALSE
951876_T,1,{80},test,FALSE,FALSE,FALSE,FALSE
2372135_T,1,{58},train,FALSE,FALSE,FALSE,FALSE
1328771_T,1,"{15,16}",train,FALSE,FALSE,FALSE,FALSE
1819328_T,1,{68},train,FALSE,FALSE,FALSE,FALSE
1148140_T,1,{3},train,FALSE,FALSE,FALSE,FALSE
794642_T,1,{31},test,FALSE,FALSE,FALSE,FALSE
943454_T,1,"{59,60,61}",train,FALSE,FALSE,FALSE,FALSE
1225521_T,1,{62},train,FALSE,FALSE,FALSE,FALSE
1728171_T,1,{8},test,FALSE,FALSE,FALSE,FALSE
1411972_T,1,"{25,27}",test,FALSE,FALSE,FALSE,FALSE
5046445_T,1,{18},test,FALSE,FALSE,FALSE,FALSE
4993089_T,1,"{114,116}",train,FALSE,FALSE,FALSE,FALSE
3931001_T,1,"{12,14}",train,FALSE,FALSE,TRUE,TRUE
1598869_T,1,{44},train,FALSE,FALSE,FALSE,FALSE
2026022_T,1,"{11,13}",test,TRUE,FALSE,FALSE,TRUE
1199617_T,1,"{29,31}",train,FALSE,FALSE,FALSE,FALSE
4921740_T,1,{6},train,FALSE,FALSE,FALSE,FALSE
1145102_T,1,"{33,34}",train,FALSE,FALSE,FALSE,FALSE
950409_T,1,"{83,86}",train,FALSE,FALSE,FALSE,FALSE
4025319_T,1,"{3,4}",train,FALSE,FALSE,FALSE,FALSE
1885892_T,1,"{61,62}",test,TRUE,FALSE,FALSE,TRUE
1847415_T,1,{24},train,FALSE,FALSE,FALSE,FALSE
2174051_T,1,"{39,40,41}",train,FALSE,TRUE,FALSE,TRUE
3325534_T,1,"{33,34,35,36,37,38,39,40,41,42,43,44,45}",train,TRUE,FALSE,FALSE,TRUE
669399_T,1,"{10,12,14}",train,FALSE,FALSE,FALSE,FALSE
1670109_T,1,{21},train,FALSE,FALSE,FALSE,FALSE
2088405_T,1,"{14,16,18}",train,FALSE,FALSE,FALSE,FALSE
1947141_T,1,"{26,28}",train,FALSE,FALSE,FALSE,FALSE
809258_T,1,{13},train,FALSE,FALSE,FALSE,FALSE
840039_T,1,{110},train,FALSE,TRUE,FALSE,TRUE
1289466_T,1,{33},train,FALSE,FALSE,FALSE,FALSE
2496010_T,1,{105},train,FALSE,FALSE,FALSE,FALSE
1525252_T,1,"{11,12}",test,FALSE,FALSE,FALSE,FALSE
3970931_T,1,"{72,74}",train,TRUE,FALSE,FALSE,TRUE
3058091_T,1,{13},test,FALSE,FALSE,FALSE,FALSE
1691209_T,1,"{27,28,29}",train,FALSE,FALSE,FALSE,FALSE
1413571_T,1,"{43,44}",train,FALSE,FALSE,FALSE,FALSE
963366_T,1,"{43,44,46,48,49}",train,FALSE,FALSE,FALSE,FALSE
4227666_T,1,"{7,9}",test,FALSE,FALSE,FALSE,FALSE
3921336_T,1,{66},test,FALSE,TRUE,FALSE,TRUE
2419319_T,1,{83},train,FALSE,FALSE,FALSE,FALSE
4778477_T,1,"{86,87,88,89,91}",test,FALSE,FALSE,FALSE,FALSE
3167493_T,1,"{25,27}",train,FALSE,FALSE,FALSE,FALSE
1913637_T,1,{53},test,FALSE,FALSE,FALSE,FALSE
2197970_T,1,"{8,11,12,13}",train,TRUE,FALSE,FALSE,TRUE
1469405_T,1,{24},train,FALSE,FALSE,FALSE,FALSE
3964868_T,1,"{73,74}",train,FALSE,FALSE,FALSE,FALSE
4160801_T,1,{33},train,FALSE,FALSE,FALSE,FALSE
1369935_T,1,"{40,42}",train,FALSE,FALSE,FALSE,FALSE
4863169_T,1,{45},train,FALSE,FALSE,FALSE,FALSE
2196038_T,1,"{5,7,8}",train,FALSE,FALSE,FALSE,FALSE
711116_T,1,{15},train,FALSE,FALSE,FALSE,FALSE
1875815_T,1,"{79,81,83,85}",test,FALSE,FALSE,FALSE,FALSE
5055096_T,1,"{5,7,9}",train,FALSE,FALSE,FALSE,FALSE
4151971_T,1,{34},test,FALSE,FALSE,FALSE,FALSE
2174918_T,1,{42},test,FALSE,FALSE,FALSE,FALSE
3420359_T,1,{7},test,FALSE,FALSE,FALSE,FALSE
1142947_T,1,{62},test,FALSE,TRUE,FALSE,TRUE
1739635_T,1,"{38,41,42}",train,FALSE,FALSE,FALSE,FALSE
3184347_T,1,{101},train,FALSE,FALSE,FALSE,FALSE
3390223_T,1,{81},train,FALSE,FALSE,FALSE,FALSE
2010423_T,1,{3},train,FALSE,FALSE,FALSE,FALSE
4904394_T,1,"{31,32,33,35}",train,TRUE,FALSE,FALSE,TRUE
1360238_T,1,{30},train,FALSE,TRUE,FALSE,TRUE
1599682_T,1,"{25,27}",train,FALSE,FALSE,FALSE,FALSE
4712592_T,1,{34},train,FALSE,FALSE,FALSE,FALSE
3945493_T,1,"{47,48}",test,FALSE,FALSE,FALSE,FALSE
2187091_T,1,{33},train,FALSE,FALSE,FALSE,FALSE
660760_T,1,{22},train,FALSE,TRUE,FALSE,TRUE
2733993_T,1,{22},test,FALSE,FALSE,FALSE,FALSE
4994399_T,1,"{9,11}",train,FALSE,FALSE,FALSE,FALSE
4911743_T,1,{10},train,FALSE,FALSE,FALSE,FALSE
1771683_T,1,{54},train,TRUE,FALSE,FALSE,TRUE
1564541_T,1,"{73,74,75,76,77,78,79}",test,FALSE,FALSE,FALSE,FALSE
4164696_T,1,{15},train,FALSE,FALSE,FALSE,FALSE
842257_T,1,"{49,50}",test,TRUE,FALSE,FALSE,TRUE
913271_T,1,"{152,154}",test,FALSE,TRUE,FALSE,TRUE
2097678_T,1,"{55,57,59}",train,FALSE,FALSE,TRUE,TRUE
905284_T,1,{98},test,FALSE,FALSE,FALSE,FALSE
919724_T,1,{162},train,FALSE,FALSE,FALSE,FALSE
4144220_T,1,{114},train,FALSE,FALSE,FALSE,FALSE
764262_T,1,{5},train,FALSE,FALSE,FALSE,FALSE
795064_T,1,"{87,88,89,90,93}",train,FALSE,FALSE,FALSE,FALSE
4918049_T,1,"{43,45,46,47}",train,FALSE,FALSE,FALSE,FALSE
4999586_T,1,"{54,55}",train,FALSE,FALSE,FALSE,FALSE
1403540_T,1,"{90,91,92,93,95}",train,FALSE,FALSE,FALSE,FALSE
1049555_T,1,"{31,32}",train,FALSE,FALSE,FALSE,FALSE
4876956_T,1,"{52,54,56}",train,FALSE,FALSE,FALSE,FALSE
3645873_T,1,{12},train,TRUE,FALSE,FALSE,TRUE
1436993_T,1,{83},test,FALSE,FALSE,FALSE,FALSE
2173923_T,1,{19},train,FALSE,FALSE,FALSE,FALSE
3242281_T,1,{32},test,FALSE,FALSE,FALSE,FALSE
898573_T,1,{35},train,FALSE,FALSE,FALSE,FALSE
3782261_T,1,"{21,23}",train,TRUE,FALSE,FALSE,TRUE
962640_T,1,{60},train,FALSE,FALSE,FALSE,FALSE
2445800_T,1,{4},train,FALSE,FALSE,FALSE,FALSE
5057352_T,1,{12},test,FALSE,FALSE,FALSE,FALSE
1709362_T,1,{89},train,TRUE,FALSE,FALSE,TRUE
4791066_T,1,"{28,30}",train,FALSE,FALSE,FALSE,FALSE
1679799_T,1,"{20,22,23}",test,FALSE,TRUE,FALSE,TRUE
3957489_T,1,"{47,49,50}",test,FALSE,FALSE,FALSE,FALSE
2055228_T,1,{13},train,FALSE,FALSE,FALSE,FALSE
4211529_T,1,"{107,109}",train,TRUE,FALSE,FALSE,TRUE
3943002_T,1,{76},test,FALSE,FALSE,FALSE,FALSE
4154754_T,1,"{19,21,23}",train,FALSE,FALSE,FALSE,FALSE
1033445_T,1,{52},train,TRUE,FALSE,FALSE,TRUE
735233_T,1,"{63,66}",test,FALSE,FALSE,FALSE,FALSE
917386_T,1,{12},test,FALSE,FALSE,FALSE,FALSE
1441140_T,1,{25},train,FALSE,FALSE,FALSE,FALSE
4995892_T,1,"{73,74,75,76,77,78,79}",train,TRUE,FALSE,FALSE,TRUE
2690105_T,1,"{5,7,9,11}",train,FALSE,FALSE,FALSE,FALSE
5010727_T,1,"{56,58,60}",train,FALSE,FALSE,TRUE,TRUE
2751139_T,1,{26},train,FALSE,FALSE,FALSE,FALSE
848135_T,1,{19},train,FALSE,FALSE,FALSE,FALSE
3517256_T,1,{29},train,TRUE,FALSE,FALSE,TRUE
4996071_T,1,"{58,61}",train,FALSE,FALSE,FALSE,FALSE
2016700_T,1,"{36,37,38}",train,FALSE,FALSE,FALSE,FALSE
2019854_T,1,"{23,24}",train,FALSE,FALSE,FALSE,FALSE
4703671_T,1,"{17,18}",train,FALSE,FALSE,FALSE,FALSE
2185133_T,1,{86},train,FALSE,FALSE,FALSE,FALSE
886999_T,1,{7},test,FALSE,FALSE,FALSE,FALSE
924205_T,1,{32},test,TRUE,FALSE,FALSE,TRUE
789454_T,1,"{118,120}",test,FALSE,FALSE,FALSE,FALSE
1003362_T,1,{29},test,FALSE,FALSE,FALSE,FALSE
1594788_T,1,{159},train,TRUE,FALSE,FALSE,TRUE
1155982_T,1,{26},train,TRUE,FALSE,FALSE,TRUE
4728125_T,1,"{9,10}",train,FALSE,FALSE,FALSE,FALSE
2345305_T,1,"{84,86}",train,FALSE,FALSE,FALSE,FALSE
986071_T,1,"{41,43,44,45,46,47,48,49,50,51,52,53,54,55,56,57,58,59,60,61,62,63,64,65,66,67,68,69,70,71}",train,TRUE,FALSE,FALSE,TRUE
1616409_T,1,"{15,17}",train,FALSE,FALSE,FALSE,FALSE
2319551_T,1,{37},train,FALSE,FALSE,FALSE,FALSE
4935014_T,1,"{28,30}",test,FALSE,FALSE,FALSE,FALSE
1097525_T,1,"{101,102}",train,TRUE,FALSE,FALSE,TRUE
2477913_T,1,{68},train,FALSE,FALSE,FALSE,FALSE
4684923_T,1,"{12,13,15,16}",train,FALSE,FALSE,FALSE,FALSE
964501_T,1,{34},test,FALSE,FALSE,FALSE,FALSE
1655081_T,1,"{73,74,76}",train,FALSE,FALSE,FALSE,FALSE
2290277_T,1,{43},test,FALSE,FALSE,FALSE,FALSE
1877830_T,1,{9},train,FALSE,FALSE,FALSE,FALSE
3051527_T,1,{64},train,FALSE,FALSE,FALSE,FALSE
5050493_T,1,{30},test,FALSE,FALSE,FALSE,FALSE
4244089_T,1,{8},test,FALSE,FALSE,FALSE,FALSE
1090644_T,1,{5},test,FALSE,FALSE,FALSE,FALSE
3933168_T,1,{5},train,FALSE,FALSE,FALSE,FALSE
1209312_T,1,{6},train,FALSE,FALSE,FALSE,FALSE
2490390_T,1,{10},test,FALSE,FALSE,FALSE,FALSE
3220253_T,1,{89},train,FALSE,FALSE,FALSE,FALSE
4737047_T,1,"{16,17}",train,FALSE,FALSE,FALSE,FALSE
2085186_T,1,{21},train,FALSE,FALSE,FALSE,FALSE
4715504_T,1,"{24,25,27}",test,FALSE,FALSE,FALSE,FALSE
1607994_T,1,{19},test,FALSE,FALSE,FALSE,FALSE
1805196_T,1,{19},train,FALSE,FALSE,FALSE,FALSE
4991861_T,1,"{45,46}",test,FALSE,FALSE,FALSE,FALSE
1089782_T,1,{24},test,FALSE,FALSE,FALSE,FALSE
2189537_T,1,{31},train,TRUE,FALSE,FALSE,TRUE
1597280_T,1,"{5,7}",train,FALSE,FALSE,FALSE,FALSE
2790082_T,1,"{5,7}",train,FALSE,FALSE,FALSE,FALSE
1911960_T,1,{5},train,FALSE,FALSE,FALSE,FALSE
1570845_T,1,{49},train,FALSE,FALSE,FALSE,FALSE
1031329_T,1,"{13,14}",test,FALSE,FALSE,FALSE,FALSE
3226077_T,1,{30},test,FALSE,FALSE,FALSE,FALSE
1874747_T,1,"{40,41}",train,FALSE,FALSE,FALSE,FALSE
5056196_T,1,"{53,54,56}",train,FALSE,FALSE,FALSE,FALSE
1055223_T,1,"{79,81}",train,FALSE,FALSE,FALSE,FALSE
798371_T,1,"{34,36,37,38,39}",test,FALSE,FALSE,FALSE,FALSE
4791960_T,1,"{81,83,85}",test,FALSE,FALSE,FALSE,FALSE
3306602_T,1,{52},train,FALSE,FALSE,FALSE,FALSE
4166761_T,1,{9},train,FALSE,FALSE,FALSE,FALSE
1653103_T,1,{50},test,FALSE,FALSE,FALSE,FALSE
4760377_T,1,{35},train,FALSE,FALSE,FALSE,FALSE
3477065_T,1,"{48,51}",test,TRUE,FALSE,FALSE,TRUE
3242559_T,1,{17},train,FALSE,FALSE,FALSE,FALSE
3190592_T,1,"{84,85}",train,FALSE,TRUE,FALSE,TRUE
2073593_T,1,{15},test,FALSE,FALSE,FALSE,FALSE
666867_T,1,{79},train,FALSE,FALSE,FALSE,FALSE
2110998_T,1,{53},train,FALSE,TRUE,FALSE,TRUE
2014857_T,1,"{27,28,30}",test,FALSE,FALSE,FALSE,FALSE
938157_T,1,"{65,67}",train,FALSE,FALSE,FALSE,FALSE
4986436_T,1,"{24,26}",train,FALSE,FALSE,FALSE,FALSE
1793365_T,1,"{44,45,47}",train,FALSE,FALSE,FALSE,FALSE
4725629_T,1,{44},test,FALSE,FALSE,FALSE,FALSE
4720460_T,1,{40},train,FALSE,FALSE,FALSE,FALSE
2510019_T,1,{18},train,FALSE,FALSE,FALSE,FALSE
1115599_T,1,"{29,32}",train,FALSE,FALSE,FALSE,FALSE
1104111_T,1,{15},train,FALSE,FALSE,FALSE,FALSE
2536690_T,1,"{51,53}",train,TRUE,FALSE,FALSE,TRUE
1390533_T,1,"{65,66}",train,FALSE,TRUE,FALSE,TRUE
2014883_T,1,{19},train,FALSE,TRUE,FALSE,TRUE
2680834_T,1,{19},train,TRUE,FALSE,FALSE,TRUE
1360246_T,1,{32},train,FALSE,FALSE,FALSE,FALSE
1729147_T,1,"{111,113}",train,FALSE,FALSE,FALSE,FALSE
1147472_T,1,{10},train,FALSE,FALSE,FALSE,FALSE
1402131_T,1,{60},train,FALSE,FALSE,FALSE,FALSE
1527364_T,1,{55},test,FALSE,FALSE,FALSE,FALSE
668066_T,1,"{64,67}",train,FALSE,FALSE,FALSE,FALSE
997566_T,1,"{78,79}",train,FALSE,FALSE,FALSE,FALSE
2321303_T,1,"{43,45}",train,FALSE,FALSE,FALSE,FALSE
839068_T,1,"{41,43,45,48,49}",train,FALSE,FALSE,FALSE,FALSE
3955306_T,1,"{66,68,70,72}",train,FALSE,FALSE,FALSE,FALSE
2070772_T,1,{50},train,FALSE,FALSE,FALSE,FALSE
4685255_T,1,{6},test,FALSE,FALSE,FALSE,FALSE
3683565_T,1,"{3,4}",test,FALSE,FALSE,FALSE,FALSE
1614195_T,1,{7},train,FALSE,FALSE,FALSE,FALSE
765709_T,1,{38},train,FALSE,FALSE,FALSE,FALSE
762945_T,1,"{44,46}",test,FALSE,FALSE,FALSE,FALSE
5040424_T,1,{77},train,FALSE,FALSE,FALSE,FALSE
3642519_T,1,"{32,34}",test,FALSE,FALSE,FALSE,FALSE
936936_T,1,"{81,83}",train,FALSE,FALSE,FALSE,FALSE
2009537_T,1,"{18,19,20}",train,FALSE,FALSE,FALSE,FALSE
4218353_T,1,{16},train,FALSE,FALSE,FALSE,FALSE
1192773_T,1,"{23,24}",train,FALSE,FALSE,FALSE,FALSE
1134901_T,1,"{48,50,53}",train,FALSE,FALSE,FALSE,FALSE
1886743_T,1,{25},train,FALSE,FALSE,FALSE,FALSE
4877767_T,1,{17},train,FALSE,FALSE,FALSE,FALSE
1877876_T,1,"{139,141,143}",train,FALSE,FALSE,FALSE,FALSE
961509_T,1,"{62,64}",train,FALSE,FALSE,FALSE,FALSE
1992814_T,1,{22},train,TRUE,FALSE,FALSE,TRUE
2445643_T,1,{12},train,FALSE,FALSE,FALSE,FALSE
4784308_T,1,{9},train,FALSE,FALSE,FALSE,FALSE
3775201_T,1,{6},train,FALSE,FALSE,FALSE,FALSE
4154751_T,1,"{51,53}",test,FALSE,FALSE,FALSE,FALSE
2175946_T,1,{29},train,FALSE,FALSE,FALSE,FALSE
1621724_T,1,{12},test,FALSE,FALSE,FALSE,FALSE
3963644_T,1,{23},train,FALSE,FALSE,FALSE,FALSE
1219283_T,1,"{5,6,7,9,12,13,14,16,17,18,19,20,21,23}",train,FALSE,TRUE,FALSE,TRUE
704855_T,1,{18},test,FALSE,FALSE,FALSE,FALSE
1879653_T,1,{35},train,TRUE,FALSE,FALSE,TRUE
729770_T,1,{14},train,FALSE,FALSE,FALSE,FALSE
1825037_T,1,"{31,33}",train,FALSE,FALSE,FALSE,FALSE
1994645_T,1,"{16,17}",train,FALSE,FALSE,FALSE,FALSE
2726019_T,1,"{5,7,9}",train,FALSE,FALSE,FALSE,FALSE
4882005_T,1,{42},train,TRUE,FALSE,FALSE,TRUE
2504318_T,1,{17},train,FALSE,TRUE,FALSE,TRUE
4964788_T,1,{61},train,TRUE,FALSE,FALSE,TRUE
4218780_T,1,{38},test,FALSE,FALSE,FALSE,FALSE
2700972_T,1,{5},test,FALSE,FALSE,FALSE,FALSE
737195_T,1,"{36,38}",train,FALSE,FALSE,FALSE,FALSE
2047090_T,1,"{3,5,7,9,11}",train,FALSE,FALSE,FALSE,FALSE
1549409_T,1,{12},test,FALSE,FALSE,FALSE,FALSE
1673010_T,1,{18},train,FALSE,FALSE,FALSE,FALSE
1839026_T,1,{42},train,FALSE,FALSE,FALSE,FALSE
848077_T,1,"{52,54,56,58}",train,FALSE,FALSE,FALSE,FALSE
2790562_T,1,{15},test,FALSE,FALSE,FALSE,FALSE
753828_T,1,"{25,27,29,31}",train,FALSE,FALSE,FALSE,FALSE
3422482_T,1,{5},train,FALSE,FALSE,FALSE,FALSE
1856705_T,1,"{22,24,26,28}",test,FALSE,FALSE,FALSE,FALSE
4213461_T,1,"{36,38,40}",train,FALSE,FALSE,FALSE,FALSE
1294426_T,1,"{30,31}",train,FALSE,FALSE,FALSE,FALSE
1604610_T,1,{6},train,FALSE,FALSE,FALSE,FALSE
836525_T,1,{115},test,FALSE,FALSE,FALSE,FALSE
763752_T,1,"{106,107}",train,FALSE,FALSE,FALSE,FALSE
1506666_T,1,{92},train,FALSE,FALSE,FALSE,FALSE
1549991_T,1,{25},test,FALSE,FALSE,FALSE,FALSE
1910806_T,1,{44},train,TRUE,FALSE,FALSE,TRUE
5024008_T,1,{23},train,FALSE,FALSE,FALSE,FALSE
5057338_T,1,{7},train,FALSE,FALSE,FALSE,FALSE
1287346_T,1,"{62,64,65,66,67,68,69,70,72,74,76,78,80,81}",train,FALSE,FALSE,FALSE,FALSE
4756402_T,1,"{20,21}",train,FALSE,FALSE,FALSE,FALSE
815018_T,1,{64},test,FALSE,FALSE,FALSE,FALSE
1992800_T,1,"{7,9}",train,FALSE,FALSE,FALSE,FALSE
1062918_T,1,{20},train,FALSE,FALSE,FALSE,FALSE
4211391_T,1,"{47,48,49,51,53}",test,TRUE,FALSE,FALSE,TRUE
2095791_T,1,{17},train,FALSE,FALSE,FALSE,FALSE
1353149_T,1,"{35,36,37}",test,FALSE,FALSE,FALSE,FALSE
1663230_T,1,{11},test,FALSE,FALSE,FALSE,FALSE
1192745_T,1,{54},train,FALSE,FALSE,FALSE,FALSE
1022752_T,1,"{14,15}",train,FALSE,FALSE,FALSE,FALSE
2044682_T,1,{26},train,FALSE,FALSE,FALSE,FALSE
3798242_T,1,"{40,42}",train,FALSE,FALSE,FALSE,FALSE
1149531_T,1,{93},train,FALSE,FALSE,FALSE,FALSE
775735_T,1,{133},train,FALSE,FALSE,FALSE,FALSE
4755387_T,1,"{5,6}",train,FALSE,FALSE,FALSE,FALSE
775539_T,1,"{3,6}",train,TRUE,FALSE,FALSE,TRUE
3247008_T,1,{59},train,FALSE,FALSE,FALSE,FALSE
1049485_T,1,"{11,13,15}",test,FALSE,FALSE,FALSE,FALSE
4135912_T,1,{17},train,FALSE,FALSE,FALSE,FALSE
1666829_T,1,"{57,59,61}",test,FALSE,TRUE,FALSE,TRUE
4168363_T,1,{26},train,FALSE,FALSE,FALSE,FALSE
2137167_T,1,{29},test,FALSE,FALSE,FALSE,FALSE
1991897_T,1,{68},train,FALSE,FALSE,FALSE,FALSE
1044659_T,1,{46},train,FALSE,FALSE,FALSE,FALSE
3254922_T,1,"{8,9}",train,FALSE,FALSE,FALSE,FALSE
1459091_T,1,"{40,42,44,46,47}",train,FALSE,TRUE,FALSE,TRUE
3939115_T,1,{18},train,FALSE,FALSE,FALSE,FALSE
1092608_T,1,"{16,18}",test,FALSE,FALSE,FALSE,FALSE
4874134_T,1,{26},train,FALSE,FALSE,FALSE,FALSE
3022901_T,1,"{104,106,108}",train,FALSE,FALSE,FALSE,FALSE
791880_T,1,{52},train,TRUE,FALSE,FALSE,TRUE
874657_T,1,"{16,17}",train,FALSE,FALSE,FALSE,FALSE
796073_T,1,"{58,59}",train,FALSE,FALSE,FALSE,FALSE
2768254_T,1,{20},train,FALSE,FALSE,FALSE,FALSE
4918812_T,1,{25},train,FALSE,FALSE,FALSE,FALSE
4859751_T,1,"{15,16,18}",train,FALSE,FALSE,FALSE,FALSE
1357081_T,1,"{57,59}",test,FALSE,TRUE,FALSE,TRUE
878001_T,1,{7},train,FALSE,FALSE,FALSE,FALSE
3469796_T,1,{3},train,FALSE,TRUE,FALSE,TRUE
4741712_T,1,"{3,4}",train,FALSE,TRUE,FALSE,TRUE
4867140_T,1,{98},train,FALSE,FALSE,FALSE,FALSE
1865794_T,1,"{81,83,84,85,87,89}",test,FALSE,FALSE,FALSE,FALSE
2110810_T,1,{18},train,FALSE,FALSE,FALSE,FALSE
1897321_T,1,{70},train,FALSE,FALSE,FALSE,FALSE
4943257_T,1,"{70,71,72,74}",train,FALSE,FALSE,FALSE,FALSE
1068823_T,1,"{24,26}",test,FALSE,FALSE,FALSE,FALSE
1360108_T,1,{24},train,FALSE,TRUE,FALSE,TRUE
4789839_T,1,{49},train,FALSE,FALSE,FALSE,FALSE
2751190_T,1,"{4,5,6,7,8,9,10,11,12,13,14,15,16,17,18,19,20,21,22,23}",train,FALSE,FALSE,FALSE,FALSE
1302678_T,1,{31},train,FALSE,FALSE,FALSE,FALSE
1355056_T,1,"{40,42,44,46,48,50,52}",train,FALSE,TRUE,FALSE,TRUE
4142234_T,1,{15},test,FALSE,FALSE,FALSE,FALSE
2127133_T,1,"{58,60,62,63,64,65,66,67,68,69,70,71,72,73,74}",train,TRUE,FALSE,FALSE,TRUE
3646899_T,1,"{21,22}",train,FALSE,FALSE,FALSE,FALSE
2689431_T,3,{17},train,TRUE,FALSE,FALSE,TRUE
3402623_T,1,"{12,14,16}",train,FALSE,FALSE,FALSE,FALSE
4941809_T,1,"{5,6}",train,FALSE,FALSE,FALSE,FALSE
2127316_T,1,{63},train,FALSE,FALSE,FALSE,FALSE
805957_T,1,{89},train,FALSE,FALSE,FALSE,FALSE
1975255_T,1,"{44,45,47}",test,FALSE,TRUE,FALSE,TRUE
2055222_T,1,{90},train,FALSE,FALSE,FALSE,FALSE
1612322_T,1,{136},train,FALSE,FALSE,FALSE,FALSE
842373_T,1,{50},train,FALSE,FALSE,FALSE,FALSE
1881705_T,1,{29},test,FALSE,FALSE,FALSE,FALSE
4236033_T,1,"{42,44,46,48,50}",train,FALSE,FALSE,FALSE,FALSE
2486397_T,1,{64},test,FALSE,FALSE,FALSE,FALSE
1436819_T,1,{20},train,FALSE,FALSE,FALSE,FALSE
1110807_T,1,{22},train,FALSE,FALSE,FALSE,FALSE
1294810_T,1,{11},train,FALSE,FALSE,FALSE,FALSE
2120905_T,1,{103},train,FALSE,FALSE,FALSE,FALSE
1206530_T,1,"{37,38,39,40,41}",train,FALSE,FALSE,FALSE,FALSE
4132880_T,1,{71},train,FALSE,FALSE,FALSE,FALSE
4204667_T,1,{3},test,FALSE,FALSE,FALSE,FALSE
1350472_T,1,"{28,30}",train,FALSE,FALSE,FALSE,FALSE
1667533_T,1,"{38,40,41,42,43,44}",test,FALSE,TRUE,FALSE,TRUE
1534849_T,1,{24},train,TRUE,TRUE,FALSE,TRUE
4692399_T,1,{67},train,TRUE,FALSE,FALSE,TRUE
1094210_T,1,"{47,48,50,52,54,56}",train,TRUE,FALSE,FALSE,TRUE
4212425_T,1,"{79,80,83}",train,FALSE,FALSE,FALSE,FALSE
1459866_T,1,"{117,119}",train,FALSE,FALSE,FALSE,FALSE
1911726_T,1,"{9,11}",test,FALSE,FALSE,FALSE,FALSE
4789156_T,1,{36},train,FALSE,FALSE,FALSE,FALSE
2067289_T,1,"{3,5}",test,FALSE,FALSE,FALSE,FALSE
4803301_T,1,"{68,69}",train,FALSE,TRUE,FALSE,TRUE
2548622_T,1,"{28,30,31,32}",train,TRUE,FALSE,FALSE,TRUE
5030059_T,1,{46},train,FALSE,FALSE,FALSE,FALSE
1192983_T,1,{47},train,FALSE,FALSE,FALSE,FALSE
3096576_T,1,"{37,38,39,40,41,44,45,46,47,48,49}",train,FALSE,FALSE,FALSE,FALSE
3699109_T,1,"{44,46,47}",train,FALSE,FALSE,FALSE,FALSE
963761_T,1,"{3,4}",test,FALSE,FALSE,FALSE,FALSE
4860426_T,1,{10},train,FALSE,FALSE,FALSE,FALSE
2077909_T,1,{9},train,FALSE,FALSE,FALSE,FALSE
1070636_T,1,"{15,18,19}",train,FALSE,FALSE,FALSE,FALSE
795097_T,1,"{49,51}",test,FALSE,TRUE,FALSE,TRUE
5009234_T,1,{86},train,FALSE,FALSE,FALSE,FALSE
4916720_T,1,{51},test,FALSE,FALSE,FALSE,FALSE
3501765_T,1,{45},train,FALSE,FALSE,TRUE,TRUE
4787563_T,1,"{44,46}",train,FALSE,FALSE,FALSE,FALSE
1196907_T,1,{32},train,FALSE,FALSE,FALSE,FALSE
1404968_T,1,{23},train,FALSE,FALSE,FALSE,FALSE
1613914_T,1,{73},train,FALSE,FALSE,FALSE,FALSE
5095299_T,1,{5},test,TRUE,FALSE,FALSE,TRUE
1022060_T,1,{2},test,FALSE,FALSE,FALSE,FALSE
4045838_T,1,{21},train,FALSE,FALSE,FALSE,FALSE
4926813_T,1,"{32,33,34,35}",test,FALSE,FALSE,FALSE,FALSE
4233839_T,1,{9},train,FALSE,FALSE,FALSE,FALSE
1146225_T,1,{124},train,FALSE,FALSE,FALSE,FALSE
1068237_T,1,{47},train,FALSE,TRUE,FALSE,TRUE
3468336_T,1,"{67,68}",train,FALSE,FALSE,FALSE,FALSE
2081488_T,1,{88},test,FALSE,FALSE,FALSE,FALSE
5042390_T,1,{18},test,FALSE,TRUE,FALSE,TRUE
3012294_T,1,"{20,22,24}",train,FALSE,FALSE,FALSE,FALSE
4961431_T,1,"{40,41}",train,FALSE,FALSE,FALSE,FALSE
4160737_T,1,"{125,126}",train,FALSE,FALSE,FALSE,FALSE
1848356_T,1,"{104,106,108}",test,FALSE,FALSE,FALSE,FALSE
4702798_T,1,{121},train,FALSE,FALSE,FALSE,FALSE
1731081_T,1,{42},train,FALSE,TRUE,FALSE,TRUE
3129777_T,1,"{22,25}",train,FALSE,FALSE,FALSE,FALSE
1626781_T,1,"{69,71,72}",train,FALSE,FALSE,FALSE,FALSE
3404803_T,1,{7},train,FALSE,FALSE,FALSE,FALSE
1991472_T,1,{85},train,FALSE,FALSE,FALSE,FALSE
1536630_T,1,{50},train,FALSE,FALSE,FALSE,FALSE
2186651_T,1,"{31,32}",test,FALSE,FALSE,FALSE,FALSE
3062455_T,1,{9},test,FALSE,TRUE,FALSE,TRUE
1466062_T,1,{11},train,FALSE,FALSE,FALSE,FALSE
3982098_T,1,{40},train,FALSE,FALSE,FALSE,FALSE
3654197_T,1,"{67,69,70}",test,FALSE,FALSE,FALSE,FALSE
1921510_T,1,"{99,101}",test,FALSE,FALSE,FALSE,FALSE
4983573_T,1,"{32,33}",train,FALSE,FALSE,FALSE,FALSE
1357179_T,1,{65},test,FALSE,FALSE,FALSE,FALSE
954945_T,1,"{43,45}",train,FALSE,FALSE,FALSE,FALSE
952314_T,1,{74},test,FALSE,FALSE,FALSE,FALSE
2165954_T,1,{58},train,FALSE,FALSE,FALSE,FALSE
3646405_T,1,"{11,12}",train,FALSE,FALSE,FALSE,FALSE
1194055_T,1,{149},test,FALSE,FALSE,FALSE,FALSE
1650565_T,1,"{87,89}",test,FALSE,FALSE,FALSE,FALSE
1402215_T,1,"{21,23}",train,FALSE,FALSE,FALSE,FALSE
4154135_T,1,{3},train,FALSE,FALSE,FALSE,FALSE
1438404_T,1,{185},train,FALSE,FALSE,FALSE,FALSE
1299543_T,1,{19},train,FALSE,FALSE,FALSE,FALSE
3915396_T,1,"{24,26}",train,FALSE,FALSE,FALSE,FALSE
4807036_T,1,"{15,16}",train,FALSE,FALSE,FALSE,FALSE
1726062_T,1,"{48,50,51}",train,FALSE,FALSE,FALSE,FALSE
5064858_T,1,"{53,54,55,56,57,59}",test,FALSE,FALSE,FALSE,FALSE
1668397_T,1,{26},test,FALSE,FALSE,FALSE,FALSE
1305670_T,1,{26},test,FALSE,FALSE,FALSE,FALSE
2182420_T,1,{50},test,FALSE,FALSE,FALSE,FALSE
1747004_T,1,"{16,18}",test,FALSE,FALSE,FALSE,FALSE
942902_T,1,"{54,56}",train,FALSE,FALSE,FALSE,FALSE
1557755_T,1,"{3,4}",train,FALSE,FALSE,FALSE,FALSE
880387_T,1,{64},train,FALSE,FALSE,FALSE,FALSE
599848_T,1,"{131,133}",test,FALSE,FALSE,FALSE,FALSE
4923740_T,1,{64},test,FALSE,FALSE,FALSE,FALSE
1406445_T,1,"{38,39}",train,FALSE,FALSE,FALSE,FALSE
2448429_T,1,"{10,12}",test,FALSE,FALSE,FALSE,FALSE
2321009_T,1,{16},train,FALSE,FALSE,FALSE,FALSE
1597702_T,1,{14},train,FALSE,FALSE,FALSE,FALSE
4804859_T,1,{11},train,FALSE,FALSE,FALSE,FALSE
2682679_T,1,"{15,17}",test,FALSE,TRUE,FALSE,TRUE
4943964_T,1,"{52,53}",test,FALSE,FALSE,FALSE,FALSE
961761_T,1,"{37,39}",train,FALSE,FALSE,FALSE,FALSE
4887031_T,1,{5},test,FALSE,FALSE,FALSE,FALSE
875994_T,1,{3},test,FALSE,FALSE,FALSE,FALSE
4988712_T,1,"{40,43}",test,FALSE,FALSE,FALSE,FALSE
879403_T,1,{3},test,FALSE,FALSE,FALSE,FALSE
1597338_T,1,{13},train,FALSE,FALSE,FALSE,FALSE
669971_T,1,{49},test,FALSE,FALSE,FALSE,FALSE
879140_T,1,{24},test,FALSE,FALSE,FALSE,FALSE
950452_T,1,{3},train,FALSE,FALSE,FALSE,FALSE
1911983_T,1,"{50,53}",train,FALSE,FALSE,FALSE,FALSE
2663136_T,1,"{67,68,70}",train,TRUE,FALSE,FALSE,TRUE
1759816_T,1,{118},train,FALSE,FALSE,FALSE,FALSE
4171560_T,1,{18},train,FALSE,FALSE,FALSE,FALSE
3589691_T,1,{173},test,FALSE,FALSE,FALSE,FALSE
3973908_T,1,"{62,64}",test,FALSE,FALSE,FALSE,FALSE
4807070_T,1,"{19,21}",train,FALSE,FALSE,FALSE,FALSE
2005188_T,1,"{9,10,13,14,15,16,17,18,19,20,21,23}",train,FALSE,FALSE,FALSE,FALSE
2309232_T,1,{3},train,FALSE,TRUE,FALSE,TRUE
4229056_T,1,{68},test,FALSE,FALSE,FALSE,FALSE
1373933_T,1,"{38,39,40}",train,FALSE,FALSE,FALSE,FALSE
3239880_T,1,{7},test,FALSE,FALSE,FALSE,FALSE
2084891_T,1,{6},train,FALSE,FALSE,FALSE,FALSE
3027037_T,1,{23},test,FALSE,FALSE,FALSE,FALSE
1741963_T,1,"{5,7}",test,FALSE,FALSE,FALSE,FALSE
1797312_T,1,{27},test,FALSE,FALSE,FALSE,FALSE
1994752_T,1,{65},train,FALSE,FALSE,FALSE,FALSE
1827769_T,1,"{11,12,14}",train,FALSE,FALSE,FALSE,FALSE
3982696_T,1,{59},train,FALSE,TRUE,FALSE,TRUE
1189628_T,1,"{25,26}",train,FALSE,FALSE,FALSE,FALSE
1406160_T,1,{59},test,FALSE,FALSE,FALSE,FALSE
1401287_T,1,"{82,84}",train,FALSE,FALSE,FALSE,FALSE
4919381_T,1,{55},test,FALSE,FALSE,FALSE,FALSE
1466046_T,1,{40},train,FALSE,FALSE,FALSE,FALSE
4161623_T,1,"{3,5}",train,TRUE,FALSE,FALSE,TRUE
846911_T,1,{7},train,FALSE,FALSE,FALSE,FALSE
2524458_T,1,"{3,4}",train,FALSE,FALSE,FALSE,FALSE
2133072_T,1,"{36,37,39}",train,FALSE,FALSE,FALSE,FALSE
1715101_T,1,{61},test,FALSE,FALSE,FALSE,FALSE
4830343_T,1,"{10,11,12}",train,FALSE,TRUE,FALSE,TRUE
2754314_T,1,{14},train,FALSE,FALSE,FALSE,FALSE
825946_T,1,"{48,50}",train,FALSE,FALSE,FALSE,FALSE
4723158_T,1,{11},test,FALSE,FALSE,FALSE,FALSE
853792_T,1,"{6,7}",train,FALSE,FALSE,FALSE,FALSE
1684572_T,1,"{6,8}",test,FALSE,FALSE,FALSE,FALSE
1353954_T,1,{48},train,FALSE,FALSE,FALSE,FALSE
2076114_T,1,"{65,66}",test,FALSE,FALSE,FALSE,FALSE
763929_T,1,{54},train,FALSE,FALSE,FALSE,FALSE
4133223_T,1,{68},train,FALSE,FALSE,FALSE,FALSE
5056138_T,1,"{26,27}",test,FALSE,FALSE,FALSE,FALSE
4721946_T,1,{22},train,FALSE,FALSE,FALSE,FALSE
1672270_T,1,{125},train,FALSE,FALSE,FALSE,FALSE
3466475_T,1,"{50,53}",train,FALSE,FALSE,TRUE,TRUE
4708106_T,1,{20},train,FALSE,FALSE,FALSE,FALSE
3746599_T,1,"{11,13,15,17}",train,FALSE,FALSE,FALSE,FALSE
2270440_T,1,{65},train,FALSE,FALSE,FALSE,FALSE
4928653_T,1,{12},train,FALSE,FALSE,FALSE,FALSE
4679535_T,1,{69},train,FALSE,TRUE,FALSE,TRUE
1913066_T,1,"{51,52,53}",test,FALSE,FALSE,FALSE,FALSE
1148017_T,1,"{11,12}",train,FALSE,FALSE,FALSE,FALSE
948903_T,1,"{52,54}",train,FALSE,FALSE,FALSE,FALSE
4868830_T,1,{11},train,FALSE,FALSE,FALSE,FALSE
2001058_T,1,{38},test,FALSE,FALSE,FALSE,FALSE
924904_T,1,"{83,84}",train,TRUE,FALSE,FALSE,TRUE
1972384_T,1,{24},train,FALSE,FALSE,FALSE,FALSE
887638_T,1,{39},train,FALSE,FALSE,FALSE,FALSE
1609896_T,1,{110},train,FALSE,FALSE,FALSE,FALSE
1650298_T,1,{5},train,FALSE,FALSE,FALSE,FALSE
4881481_T,1,{3},train,FALSE,FALSE,FALSE,FALSE
1194081_T,1,{29},train,FALSE,FALSE,FALSE,FALSE
874690_T,1,"{12,13,14}",test,FALSE,FALSE,FALSE,FALSE
2014967_T,1,"{3,6}",test,FALSE,FALSE,FALSE,FALSE
2135628_T,1,{50},train,FALSE,FALSE,FALSE,FALSE
4764138_T,1,{23},train,FALSE,FALSE,FALSE,FALSE
3696360_T,1,"{20,23}",train,FALSE,FALSE,FALSE,FALSE
1972389_T,1,{13},train,FALSE,FALSE,FALSE,FALSE
1155306_T,1,{81},test,FALSE,FALSE,FALSE,FALSE
1890032_T,1,{9},train,FALSE,FALSE,FALSE,FALSE
3981924_T,1,"{5,7}",train,FALSE,FALSE,FALSE,FALSE
3096134_T,1,{7},train,FALSE,FALSE,FALSE,FALSE
837483_T,1,"{8,10,13,14,15,16,17,18,19,20,21,22,23,24,26,27,28,29,30,31,32}",train,FALSE,TRUE,FALSE,TRUE
739010_T,1,{40},train,FALSE,FALSE,FALSE,FALSE
921008_T,1,"{35,37}",train,FALSE,TRUE,FALSE,TRUE
1195125_T,1,{77},train,FALSE,FALSE,FALSE,FALSE
4936019_T,1,"{62,64,65,66,67,68,70}",train,FALSE,FALSE,FALSE,FALSE
1351070_T,1,{44},train,FALSE,FALSE,FALSE,FALSE
2352036_T,1,{9},train,FALSE,FALSE,FALSE,FALSE
827631_T,1,{69},train,FALSE,TRUE,FALSE,TRUE
2334555_T,1,"{20,21,22}",train,FALSE,FALSE,FALSE,FALSE
4926600_T,1,"{31,32,33}",train,FALSE,FALSE,FALSE,FALSE
4156393_T,1,"{61,64}",train,FALSE,FALSE,FALSE,FALSE
1989213_T,1,{41},test,FALSE,FALSE,FALSE,FALSE
4719237_T,1,"{27,29,31}",test,FALSE,FALSE,FALSE,FALSE
4927197_T,1,"{94,95,96}",train,FALSE,FALSE,FALSE,FALSE
3948078_T,1,"{30,31}",train,FALSE,FALSE,FALSE,FALSE
2664033_T,1,"{13,14,16}",train,FALSE,FALSE,FALSE,FALSE
4841868_T,1,{47},train,FALSE,FALSE,FALSE,FALSE
2441771_T,1,"{21,22,23}",train,TRUE,FALSE,FALSE,TRUE
2162451_T,1,"{21,22}",train,TRUE,FALSE,FALSE,TRUE
3431739_T,1,{21},test,FALSE,FALSE,FALSE,FALSE
3210614_T,1,{110},train,FALSE,FALSE,FALSE,FALSE
5058592_T,1,{8},train,FALSE,FALSE,FALSE,FALSE
840395_T,1,"{94,96,98}",train,FALSE,FALSE,FALSE,FALSE
2094957_T,1,"{7,9}",test,FALSE,FALSE,FALSE,FALSE
3449309_T,1,{26},train,FALSE,FALSE,FALSE,FALSE
1898203_T,1,{62},test,FALSE,FALSE,FALSE,FALSE
1079864_T,1,{134},train,FALSE,FALSE,FALSE,FALSE
1155148_T,1,"{7,8}",train,FALSE,FALSE,FALSE,FALSE
796140_T,1,"{34,36}",train,FALSE,FALSE,FALSE,FALSE
1905342_T,1,{24},train,FALSE,FALSE,FALSE,FALSE
767631_T,1,{7},train,FALSE,FALSE,FALSE,FALSE
3568938_T,1,{41},test,FALSE,TRUE,FALSE,TRUE
1325024_T,1,"{23,24,25,26,27}",test,FALSE,FALSE,FALSE,FALSE
3950652_T,1,"{79,81}",train,FALSE,FALSE,FALSE,FALSE
1838495_T,1,{13},train,FALSE,FALSE,FALSE,FALSE
4860910_T,1,{15},train,FALSE,FALSE,FALSE,FALSE
3461022_T,1,"{35,37}",train,FALSE,FALSE,FALSE,FALSE
1310939_T,1,"{18,19,20}",train,FALSE,FALSE,FALSE,FALSE
1664108_T,1,{40},train,TRUE,FALSE,FALSE,TRUE
2323497_T,1,{47},train,FALSE,FALSE,FALSE,FALSE
795724_T,1,"{54,56,58}",train,FALSE,FALSE,FALSE,FALSE
2004895_T,1,"{3,4,5}",train,TRUE,FALSE,FALSE,TRUE
2164213_T,1,{5},train,FALSE,FALSE,FALSE,FALSE
1370538_T,1,"{6,7,8,9}",train,FALSE,FALSE,FALSE,FALSE
2484481_T,1,"{23,25}",train,FALSE,FALSE,FALSE,FALSE
4922850_T,1,{26},train,FALSE,FALSE,FALSE,FALSE
3742476_T,1,{39},train,FALSE,FALSE,FALSE,FALSE
3055106_T,1,"{9,10}",train,FALSE,FALSE,FALSE,FALSE
2513016_T,1,"{33,34}",train,FALSE,FALSE,TRUE,TRUE
2133072_T,1,"{48,50,52}",test,FALSE,FALSE,FALSE,FALSE
4769501_T,1,{32},test,FALSE,FALSE,FALSE,FALSE
4212342_T,1,{38},test,FALSE,FALSE,FALSE,FALSE
4762998_T,1,{3},train,FALSE,FALSE,FALSE,FALSE
2119655_T,1,{5},train,FALSE,FALSE,FALSE,FALSE
1399080_T,1,"{3,5}",train,FALSE,FALSE,FALSE,FALSE
1754265_T,1,{42},train,FALSE,FALSE,FALSE,FALSE
4042714_T,1,{30},train,FALSE,FALSE,FALSE,FALSE
4860401_T,1,{59},test,TRUE,FALSE,FALSE,TRUE
4240643_T,1,"{31,32,33}",train,FALSE,FALSE,FALSE,FALSE
4728934_T,1,{19},train,FALSE,FALSE,FALSE,FALSE
3442658_T,1,"{11,13}",train,FALSE,FALSE,FALSE,FALSE
879089_T,1,"{52,53,56,58}",test,FALSE,FALSE,FALSE,FALSE
3414074_T,1,"{25,26}",train,FALSE,FALSE,FALSE,FALSE
723077_T,1,{7},train,FALSE,FALSE,FALSE,FALSE
1637619_T,1,{142},test,FALSE,FALSE,FALSE,FALSE
2083985_T,1,{35},train,FALSE,FALSE,FALSE,FALSE
2678855_T,1,{82},train,FALSE,FALSE,FALSE,FALSE
2054245_T,1,{52},train,FALSE,FALSE,FALSE,FALSE
4923194_T,1,{63},train,TRUE,FALSE,FALSE,TRUE
1053062_T,1,"{26,27,28}",train,FALSE,FALSE,FALSE,FALSE
1602501_T,1,"{9,10,12,13}",test,FALSE,FALSE,FALSE,FALSE
2723349_T,1,{26},train,FALSE,FALSE,FALSE,FALSE
2663140_T,1,{28},train,FALSE,FALSE,FALSE,FALSE
4221499_T,1,{47},train,FALSE,FALSE,FALSE,FALSE
2758004_T,1,{57},test,FALSE,FALSE,FALSE,FALSE
2782823_T,1,"{18,20,22,23,24,26}",test,FALSE,FALSE,FALSE,FALSE
797006_T,1,{111},train,TRUE,FALSE,FALSE,TRUE
2000260_T,1,{113},train,FALSE,FALSE,FALSE,FALSE
1527661_T,1,{14},train,FALSE,FALSE,FALSE,FALSE
4726288_T,1,{20},train,FALSE,FALSE,FALSE,FALSE
4985934_T,1,{61},train,FALSE,FALSE,FALSE,FALSE
762803_T,1,"{62,64,66}",test,FALSE,FALSE,FALSE,FALSE
4159710_T,1,{36},train,FALSE,FALSE,FALSE,FALSE
1356421_T,1,{108},train,FALSE,FALSE,FALSE,FALSE
3461811_T,1,{59},test,FALSE,FALSE,FALSE,FALSE
1606401_T,1,"{105,108,109,110,111}",train,FALSE,FALSE,FALSE,FALSE
4707542_T,1,{4},test,FALSE,FALSE,FALSE,FALSE
775446_T,1,"{51,53}",test,FALSE,FALSE,FALSE,FALSE
1349849_T,1,"{43,44,45}",train,FALSE,FALSE,FALSE,FALSE
1148309_T,1,{4},train,FALSE,FALSE,FALSE,FALSE
1925061_T,1,{3},train,TRUE,FALSE,FALSE,TRUE
2765330_T,1,{66},train,FALSE,TRUE,FALSE,TRUE
4832317_T,1,{34},test,TRUE,FALSE,FALSE,TRUE
4717333_T,1,"{20,22}",test,FALSE,FALSE,FALSE,FALSE
4993932_T,1,{72},train,FALSE,FALSE,FALSE,FALSE
769662_T,1,{3},train,FALSE,FALSE,FALSE,FALSE
3841841_T,1,{116},test,FALSE,FALSE,FALSE,FALSE
1206663_T,1,{48},test,FALSE,FALSE,FALSE,FALSE
1059081_T,1,"{9,11}",train,FALSE,FALSE,FALSE,FALSE
760791_T,1,{45},train,FALSE,FALSE,FALSE,FALSE
2585926_T,1,{54},train,FALSE,FALSE,FALSE,FALSE
4940007_T,1,{3},train,FALSE,FALSE,FALSE,FALSE
2588307_T,1,"{16,17}",train,FALSE,FALSE,FALSE,FALSE
3615007_T,1,{27},train,FALSE,FALSE,FALSE,FALSE
3225692_T,1,{9},train,FALSE,FALSE,FALSE,FALSE
1978220_T,1,"{63,64,65}",train,FALSE,FALSE,FALSE,FALSE
3198528_T,1,"{36,37,38}",train,FALSE,FALSE,FALSE,FALSE
758651_T,1,{106},test,FALSE,TRUE,FALSE,TRUE
1303089_T,1,{65},train,FALSE,FALSE,FALSE,FALSE
5001380_T,1,{20},test,FALSE,FALSE,FALSE,FALSE
3720844_T,1,{26},train,FALSE,FALSE,FALSE,FALSE
1746829_T,1,{31},train,TRUE,FALSE,FALSE,TRUE
4859072_T,1,{14},train,FALSE,FALSE,FALSE,FALSE
1656286_T,1,"{76,78,81}",train,FALSE,FALSE,FALSE,FALSE
1992952_T,1,{270},train,FALSE,FALSE,FALSE,FALSE
2159863_T,1,"{34,36}",train,FALSE,FALSE,FALSE,FALSE
800748_T,1,"{5,7}",train,FALSE,TRUE,FALSE,TRUE
1725080_T,1,{93},train,FALSE,FALSE,FALSE,FALSE
3073924_T,1,{42},train,FALSE,FALSE,FALSE,FALSE
1814743_T,1,{24},train,FALSE,FALSE,FALSE,FALSE
844563_T,1,"{3,5,6,8}",train,FALSE,FALSE,FALSE,FALSE
4802321_T,1,"{37,39}",train,FALSE,FALSE,FALSE,FALSE
1662295_T,1,"{45,47,49,50}",train,FALSE,FALSE,FALSE,FALSE
866673_T,1,{7},train,TRUE,FALSE,FALSE,TRUE
5037713_T,1,{10},train,FALSE,FALSE,FALSE,FALSE
2511690_T,1,"{52,53,55,57}",train,FALSE,FALSE,FALSE,FALSE
4045459_T,1,{11},train,FALSE,FALSE,FALSE,FALSE
3435764_T,1,"{10,12,14}",train,FALSE,FALSE,FALSE,FALSE
3103850_T,1,"{36,38,40}",train,FALSE,FALSE,FALSE,FALSE
1355078_T,1,{27},train,FALSE,FALSE,FALSE,FALSE
696726_T,1,"{45,47}",train,FALSE,FALSE,FALSE,FALSE
1750071_T,1,{17},train,FALSE,TRUE,FALSE,TRUE
1783518_T,1,{9},train,FALSE,FALSE,FALSE,FALSE
879896_T,1,"{3,4,5,6,7,8}",train,FALSE,FALSE,FALSE,FALSE
1356495_T,1,{49},train,FALSE,FALSE,FALSE,FALSE
766890_T,1,{97},test,TRUE,FALSE,FALSE,TRUE
2085011_T,1,"{69,71,73,75}",train,FALSE,FALSE,FALSE,FALSE
4812501_T,1,{63},test,FALSE,FALSE,FALSE,FALSE
1223764_T,1,"{50,51}",train,FALSE,FALSE,FALSE,FALSE
4693728_T,1,{24},test,FALSE,FALSE,FALSE,FALSE
1768589_T,1,"{34,35,37,40}",train,FALSE,FALSE,FALSE,FALSE
4245058_T,1,{30},test,FALSE,FALSE,FALSE,FALSE
1057272_T,1,{47},train,FALSE,FALSE,FALSE,FALSE
1207852_T,1,{30},test,FALSE,FALSE,FALSE,FALSE
4875930_T,1,"{5,6}",test,FALSE,FALSE,FALSE,FALSE
2321550_T,1,{59},train,TRUE,FALSE,FALSE,TRUE
4881093_T,1,"{45,46,47}",train,FALSE,FALSE,FALSE,FALSE
1392821_T,1,{8},train,FALSE,FALSE,FALSE,FALSE
1015187_T,1,"{7,8}",train,FALSE,FALSE,FALSE,FALSE
2289962_T,1,{60},test,FALSE,FALSE,FALSE,FALSE
3045772_T,1,{112},test,TRUE,FALSE,FALSE,TRUE
1899912_T,1,"{64,67,68}",train,FALSE,FALSE,FALSE,FALSE
995295_T,1,"{114,115,116}",train,FALSE,FALSE,FALSE,FALSE
2477872_T,1,{27},train,FALSE,FALSE,FALSE,FALSE
726967_T,1,{20},train,FALSE,FALSE,FALSE,FALSE
2319340_T,1,"{35,37}",test,FALSE,FALSE,FALSE,FALSE
1511882_T,1,{31},train,FALSE,FALSE,FALSE,FALSE
2201931_T,1,"{9,10}",train,FALSE,FALSE,FALSE,FALSE
2516778_T,1,{23},train,FALSE,FALSE,FALSE,FALSE
4684977_T,1,"{3,4,5,6}",train,FALSE,FALSE,FALSE,FALSE
966329_T,1,{137},train,FALSE,FALSE,FALSE,FALSE
1459430_T,1,"{26,28}",train,FALSE,FALSE,FALSE,FALSE
3056257_T,1,{62},test,TRUE,FALSE,FALSE,TRUE
2309977_T,1,"{67,69,71,74,75,76,77,78,79,80,81}",test,FALSE,FALSE,FALSE,FALSE
1044263_T,1,{131},test,FALSE,FALSE,FALSE,FALSE
3680672_T,1,{17},train,FALSE,FALSE,FALSE,FALSE
802933_T,1,"{16,18,20,22,24,25}",train,FALSE,FALSE,FALSE,FALSE
668644_T,1,{31},test,FALSE,FALSE,FALSE,FALSE
1134057_T,1,{26},train,FALSE,FALSE,FALSE,FALSE
2163114_T,1,{35},train,FALSE,FALSE,FALSE,FALSE
1016651_T,1,"{9,11,12,13}",test,FALSE,FALSE,FALSE,FALSE
2081756_T,1,{32},test,FALSE,FALSE,FALSE,FALSE
2662379_T,1,{5},train,FALSE,FALSE,FALSE,FALSE
4213009_T,1,{76},train,FALSE,FALSE,FALSE,FALSE
881115_T,1,"{35,37}",train,FALSE,FALSE,FALSE,FALSE
2082753_T,1,{117},train,FALSE,FALSE,FALSE,FALSE
2077325_T,1,"{9,11}",test,FALSE,FALSE,FALSE,FALSE
3800812_T,1,"{7,9,11}",test,FALSE,FALSE,FALSE,FALSE
3403129_T,1,{61},train,FALSE,FALSE,FALSE,FALSE
4796648_T,1,{8},train,FALSE,FALSE,FALSE,FALSE
3934097_T,1,{5},test,FALSE,FALSE,FALSE,FALSE
4229736_T,1,"{18,20,22,24}",test,FALSE,FALSE,FALSE,FALSE
4145102_T,1,{37},train,FALSE,FALSE,FALSE,FALSE
2101760_T,1,{2},test,FALSE,TRUE,FALSE,TRUE
1818920_T,1,{5},train,FALSE,FALSE,FALSE,FALSE
1904337_T,1,{7},test,FALSE,FALSE,FALSE,FALSE
4148162_T,1,{3},train,FALSE,FALSE,FALSE,FALSE
3660234_T,1,{93},test,FALSE,FALSE,FALSE,FALSE
4159465_T,1,"{3,4}",train,FALSE,FALSE,FALSE,FALSE
1741866_T,1,{38},test,FALSE,FALSE,FALSE,FALSE
3698140_T,1,"{7,10}",test,FALSE,FALSE,FALSE,FALSE
875137_T,1,{52},train,FALSE,FALSE,FALSE,FALSE
955574_T,1,{19},train,FALSE,FALSE,FALSE,FALSE
1354996_T,1,{71},train,TRUE,FALSE,FALSE,TRUE
1759694_T,1,{16},train,FALSE,FALSE,FALSE,FALSE
1553862_T,1,{3},train,FALSE,FALSE,FALSE,FALSE
4870288_T,1,{21},test,FALSE,FALSE,FALSE,FALSE
840289_T,1,"{30,32}",train,FALSE,FALSE,FALSE,FALSE
753941_T,1,"{65,67,69}",train,FALSE,FALSE,FALSE,FALSE
643908_T,1,{7},test,FALSE,FALSE,FALSE,FALSE
1992680_T,1,{5},train,FALSE,FALSE,FALSE,FALSE
4687408_T,1,"{9,11,13,14,16}",train,FALSE,FALSE,FALSE,FALSE
1677866_T,1,"{29,31}",test,TRUE,FALSE,FALSE,TRUE
3462019_T,1,{41},test,FALSE,FALSE,FALSE,FALSE
1943235_T,1,"{3,5}",test,FALSE,TRUE,FALSE,TRUE
919160_T,1,"{105,106}",train,FALSE,FALSE,FALSE,FALSE
1355063_T,1,{9},train,FALSE,FALSE,FALSE,FALSE
4863188_T,1,"{24,26}",test,FALSE,FALSE,FALSE,FALSE
4705492_T,1,{3},train,FALSE,FALSE,FALSE,FALSE
5045355_T,1,{65},train,FALSE,FALSE,FALSE,FALSE
1510822_T,1,"{58,60}",train,FALSE,FALSE,FALSE,FALSE
5100449_T,1,{5},train,FALSE,FALSE,FALSE,FALSE
3016897_T,1,"{3,4}",train,FALSE,TRUE,FALSE,TRUE
1523795_T,1,{38},train,FALSE,FALSE,FALSE,FALSE
4709157_T,1,"{3,4}",train,FALSE,FALSE,FALSE,FALSE
1819509_T,1,{75},train,TRUE,FALSE,FALSE,TRUE
1786725_T,1,{23},test,FALSE,FALSE,FALSE,FALSE
1145676_T,1,{13},test,FALSE,FALSE,FALSE,FALSE
5032986_T,1,"{32,34}",train,TRUE,FALSE,FALSE,TRUE
2568954_T,1,{69},train,FALSE,FALSE,FALSE,FALSE
4234367_T,1,{7},train,FALSE,FALSE,FALSE,FALSE
1460867_T,1,"{7,8,9}",train,FALSE,FALSE,FALSE,FALSE
1404213_T,1,{52},test,FALSE,FALSE,FALSE,FALSE
4218481_T,1,{9},train,FALSE,FALSE,FALSE,FALSE
4702281_T,1,"{10,13,14,15,16,17,18,19,20,22}",test,FALSE,FALSE,FALSE,FALSE
1017383_T,1,"{65,66,68}",train,FALSE,FALSE,FALSE,FALSE
4718324_T,1,{84},train,TRUE,FALSE,FALSE,TRUE
2674697_T,1,"{5,6,8,9}",train,FALSE,FALSE,FALSE,FALSE
4967704_T,1,{29},test,FALSE,FALSE,FALSE,FALSE
1468785_T,1,"{33,35}",train,FALSE,FALSE,FALSE,FALSE
669225_T,1,{11},train,FALSE,FALSE,FALSE,FALSE
2694933_T,1,{125},train,FALSE,FALSE,FALSE,FALSE
2799710_T,1,{28},train,FALSE,FALSE,FALSE,FALSE
1686132_T,1,{5},train,FALSE,FALSE,FALSE,FALSE
1047074_T,1,{13},train,FALSE,FALSE,FALSE,FALSE
2216603_T,1,{12},train,FALSE,FALSE,FALSE,FALSE
1994039_T,1,{26},train,FALSE,FALSE,FALSE,FALSE
2599941_T,1,{38},train,FALSE,FALSE,FALSE,FALSE
917668_T,1,{9},train,FALSE,FALSE,FALSE,FALSE
4222893_T,1,{44},train,FALSE,FALSE,FALSE,FALSE
5063615_T,1,"{86,88,90,92,93}",train,FALSE,FALSE,FALSE,FALSE
5017099_T,1,{43},train,FALSE,FALSE,FALSE,FALSE
3255309_T,1,"{30,32}",train,FALSE,FALSE,FALSE,FALSE
4674057_T,1,"{25,27}",train,FALSE,FALSE,FALSE,FALSE
2128618_T,1,{50},train,FALSE,FALSE,FALSE,FALSE
4221946_T,1,{33},train,FALSE,FALSE,FALSE,FALSE
2125971_T,1,"{3,4,5}",train,FALSE,FALSE,FALSE,FALSE
1102840_T,1,{7},train,FALSE,FALSE,FALSE,FALSE
2690278_T,1,"{10,11,13,15}",train,TRUE,TRUE,FALSE,TRUE
4877756_T,1,{21},test,FALSE,FALSE,FALSE,FALSE
4959724_T,1,{79},train,FALSE,FALSE,FALSE,FALSE
1277874_T,1,"{101,103}",train,FALSE,FALSE,FALSE,FALSE
2637652_T,1,"{62,63,64,65}",train,FALSE,FALSE,FALSE,FALSE
1371555_T,1,{4},test,FALSE,FALSE,FALSE,FALSE
1144152_T,1,{11},train,TRUE,FALSE,FALSE,TRUE
2459100_T,1,"{36,37,39}",test,FALSE,FALSE,FALSE,FALSE
1765192_T,1,"{13,14,15}",train,TRUE,FALSE,FALSE,TRUE
4723936_T,1,{13},test,FALSE,FALSE,FALSE,FALSE
1761091_T,1,{9},train,FALSE,FALSE,FALSE,FALSE
4145226_T,1,{14},train,FALSE,FALSE,FALSE,FALSE
4807971_T,1,"{3,5}",train,FALSE,FALSE,FALSE,FALSE
1128423_T,1,{12},train,FALSE,FALSE,FALSE,FALSE
1594880_T,1,{13},train,FALSE,FALSE,FALSE,FALSE
4910004_T,1,"{59,61}",train,FALSE,FALSE,FALSE,FALSE
1058987_T,1,{20},test,FALSE,FALSE,FALSE,FALSE
1385149_T,1,"{13,15,17}",train,FALSE,FALSE,FALSE,FALSE
699952_T,1,{27},test,FALSE,FALSE,FALSE,FALSE
2049712_T,1,"{18,19,21,23}",test,FALSE,FALSE,FALSE,FALSE
921137_T,1,"{17,19,20}",test,FALSE,FALSE,FALSE,FALSE
4136638_T,1,"{9,11}",train,FALSE,FALSE,FALSE,FALSE
1770712_T,1,{8},train,FALSE,FALSE,FALSE,FALSE
4852397_T,1,{46},train,FALSE,TRUE,FALSE,TRUE
732070_T,1,{40},train,FALSE,FALSE,FALSE,FALSE
4866624_T,1,"{29,30}",test,FALSE,FALSE,FALSE,FALSE
1907477_T,1,"{50,51,53}",train,FALSE,FALSE,FALSE,FALSE
4222891_T,1,"{81,82}",train,FALSE,FALSE,FALSE,FALSE
3225979_T,1,{35},train,FALSE,FALSE,FALSE,FALSE
879405_T,1,{5},train,FALSE,FALSE,FALSE,FALSE
1659211_T,1,"{23,24,27}",train,FALSE,FALSE,FALSE,FALSE
2013640_T,1,"{67,69,70}",train,FALSE,FALSE,FALSE,FALSE
5033413_T,1,{22},train,FALSE,FALSE,FALSE,FALSE
696426_T,1,"{41,44}",train,FALSE,TRUE,FALSE,TRUE
1099455_T,1,{68},train,FALSE,FALSE,FALSE,FALSE
2477821_T,1,"{40,41}",test,FALSE,TRUE,FALSE,TRUE
861082_T,1,{33},test,FALSE,FALSE,FALSE,FALSE
2006926_T,1,{74},train,FALSE,FALSE,FALSE,FALSE
1821598_T,1,{28},train,TRUE,FALSE,FALSE,TRUE
1817881_T,1,"{28,30}",train,FALSE,FALSE,FALSE,FALSE
2151081_T,1,"{37,39}",train,FALSE,FALSE,FALSE,FALSE
695779_T,1,{42},train,FALSE,FALSE,FALSE,FALSE
922723_T,1,{48},train,FALSE,FALSE,FALSE,FALSE
1648546_T,1,{7},train,FALSE,FALSE,FALSE,FALSE
1065338_T,1,{30},train,FALSE,FALSE,FALSE,FALSE
1404889_T,1,{22},train,FALSE,FALSE,FALSE,FALSE
1825480_T,1,{49},test,FALSE,FALSE,FALSE,FALSE
913755_T,1,{46},test,FALSE,FALSE,FALSE,FALSE
1357125_T,1,{86},test,FALSE,FALSE,FALSE,FALSE
2077291_T,1,"{121,123,125}",test,FALSE,FALSE,FALSE,FALSE
1459757_T,1,"{7,8,9,10,11,12,13,14,15,16,17}",train,FALSE,TRUE,FALSE,TRUE
1175952_T,1,{7},train,FALSE,FALSE,FALSE,FALSE
1450364_T,1,{116},train,FALSE,FALSE,FALSE,FALSE
5053824_T,1,"{61,63}",train,FALSE,FALSE,TRUE,TRUE
1902561_T,1,{80},train,TRUE,FALSE,FALSE,TRUE
1096594_T,1,"{28,30}",train,FALSE,FALSE,FALSE,FALSE
1656130_T,1,{7},train,FALSE,FALSE,FALSE,FALSE
1128064_T,1,{25},train,FALSE,FALSE,FALSE,FALSE
1800710_T,1,{173},test,FALSE,FALSE,FALSE,FALSE
974587_T,1,{3},train,FALSE,FALSE,FALSE,FALSE
736917_T,1,"{25,26,27,28}",test,FALSE,FALSE,FALSE,FALSE
1909796_T,1,"{32,33}",train,FALSE,FALSE,FALSE,FALSE
795957_T,1,"{3,5,6}",train,TRUE,FALSE,FALSE,TRUE
2006544_T,1,{14},test,FALSE,FALSE,FALSE,FALSE
2282772_T,1,{5},test,FALSE,FALSE,FALSE,FALSE
2170217_T,1,{11},train,FALSE,FALSE,FALSE,FALSE
1846939_T,1,"{3,4,5,6,8,9,10,11,12,13,14,15}",train,FALSE,FALSE,FALSE,FALSE
1459451_T,1,{24},train,FALSE,FALSE,FALSE,FALSE
838745_T,1,"{42,43}",train,FALSE,FALSE,FALSE,FALSE
2692920_T,1,{7},test,FALSE,FALSE,FALSE,FALSE
1802113_T,1,{106},train,FALSE,FALSE,FALSE,FALSE
1200317_T,1,{30},train,FALSE,FALSE,FALSE,FALSE
789429_T,1,{10},train,FALSE,FALSE,FALSE,FALSE
1886790_T,1,"{97,98}",train,FALSE,FALSE,FALSE,FALSE
1510809_T,1,"{17,18}",test,FALSE,FALSE,FALSE,FALSE
4783325_T,1,"{11,13}",train,FALSE,FALSE,FALSE,FALSE
2171938_T,1,{46},train,FALSE,FALSE,FALSE,FALSE
876838_T,1,"{50,51}",train,FALSE,FALSE,FALSE,FALSE
4848269_T,1,{52},train,FALSE,FALSE,FALSE,FALSE
1061736_T,1,"{28,29,30}",train,FALSE,FALSE,FALSE,FALSE
3236583_T,1,{22},test,FALSE,FALSE,FALSE,FALSE
1991467_T,1,"{121,123,125}",train,FALSE,FALSE,FALSE,FALSE
2327513_T,1,{3},train,FALSE,FALSE,FALSE,FALSE
5021255_T,1,{4},test,FALSE,FALSE,FALSE,FALSE
2064224_T,1,{9},train,FALSE,FALSE,FALSE,FALSE
1165778_T,1,{8},train,FALSE,FALSE,FALSE,FALSE
3078779_T,1,"{101,103,104}",train,FALSE,FALSE,FALSE,FALSE
4960511_T,1,"{30,31}",train,FALSE,FALSE,FALSE,FALSE
2509189_T,1,{15},test,FALSE,FALSE,FALSE,FALSE
2256139_T,1,"{5,6,7,8,9,10,11,12,13,14,15,16,17,18,19,20,21,22,23,24,25,26,27,28,29,30,31,32,33,34,35,36,37,38,39}",test,TRUE,FALSE,FALSE,TRUE
4791857_T,1,"{26,27}",train,FALSE,FALSE,FALSE,FALSE
5067452_T,1,{5},train,FALSE,FALSE,FALSE,FALSE
3461045_T,1,{10},train,FALSE,FALSE,FALSE,FALSE
4797514_T,1,"{25,26}",train,FALSE,TRUE,FALSE,TRUE
1272496_T,1,"{42,44}",train,FALSE,FALSE,FALSE,FALSE
4199421_T,1,"{58,59,61}",train,TRUE,FALSE,FALSE,TRUE
645386_T,1,{21},train,FALSE,FALSE,FALSE,FALSE
2158013_T,1,"{51,53}",test,FALSE,FALSE,FALSE,FALSE
925478_T,1,{30},train,TRUE,FALSE,FALSE,TRUE
1909810_T,1,{3},train,FALSE,FALSE,FALSE,FALSE
4955426_T,1,{27},test,FALSE,FALSE,FALSE,FALSE
2793683_T,1,"{26,27,29,31,33}",train,FALSE,TRUE,FALSE,TRUE
3408278_T,1,{31},train,FALSE,FALSE,FALSE,FALSE
4858820_T,1,"{5,7,9}",train,FALSE,TRUE,FALSE,TRUE
1617542_T,1,"{107,108,109}",train,TRUE,FALSE,FALSE,TRUE
4706669_T,1,"{30,32}",train,TRUE,FALSE,FALSE,TRUE
2765753_T,1,"{120,122}",train,TRUE,FALSE,FALSE,TRUE
4927499_T,1,"{83,84,85,86,87,88,89}",test,TRUE,TRUE,FALSE,TRUE
4752045_T,1,"{105,107,109,111}",test,FALSE,FALSE,FALSE,FALSE
1351151_T,1,{24},test,FALSE,FALSE,FALSE,FALSE
1690075_T,1,{45},test,FALSE,FALSE,FALSE,FALSE
944032_T,1,{7},train,FALSE,FALSE,FALSE,FALSE
4916239_T,1,{59},train,FALSE,FALSE,FALSE,FALSE
1115167_T,1,"{108,109}",test,FALSE,TRUE,FALSE,TRUE
691575_T,1,"{58,59,60,62}",test,FALSE,FALSE,FALSE,FALSE
3228804_T,1,{19},train,TRUE,FALSE,FALSE,TRUE
4993629_T,1,"{21,23,25,26}",test,FALSE,FALSE,FALSE,FALSE
1530114_T,1,"{33,34}",train,FALSE,TRUE,FALSE,TRUE
2182194_T,1,{185},train,FALSE,FALSE,FALSE,FALSE
1411033_T,1,"{11,13,15,17}",train,FALSE,FALSE,FALSE,FALSE
1058694_T,1,{18},test,FALSE,TRUE,FALSE,TRUE
1649184_T,1,{50},test,FALSE,FALSE,FALSE,FALSE
1368151_T,1,{25},train,FALSE,TRUE,FALSE,TRUE
1827460_T,1,"{79,81}",train,FALSE,FALSE,FALSE,FALSE
4867070_T,1,"{14,16}",train,FALSE,TRUE,FALSE,TRUE
1679675_T,1,{3},train,TRUE,FALSE,FALSE,TRUE
1919224_T,1,"{18,20}",train,FALSE,FALSE,FALSE,FALSE
641522_T,1,{111},test,FALSE,FALSE,FALSE,FALSE
1104260_T,1,{42},train,FALSE,FALSE,FALSE,FALSE
1037336_T,1,"{36,38}",train,FALSE,TRUE,FALSE,TRUE
4227849_T,1,{51},train,FALSE,FALSE,FALSE,FALSE
4911827_T,1,{41},train,FALSE,FALSE,FALSE,FALSE
3970539_T,1,{82},train,FALSE,FALSE,FALSE,FALSE
4721584_T,1,"{26,27,28,29,30,31,33,34,35,37,39}",train,FALSE,FALSE,FALSE,FALSE
1741861_T,1,{11},train,FALSE,TRUE,FALSE,TRUE
4171473_T,1,"{23,24}",train,FALSE,FALSE,FALSE,FALSE
2049936_T,1,{63},train,FALSE,FALSE,FALSE,FALSE
704885_T,1,{69},train,FALSE,FALSE,FALSE,FALSE
1598735_T,1,"{5,7}",test,FALSE,FALSE,FALSE,FALSE
1406505_T,1,{122},train,FALSE,FALSE,FALSE,FALSE
1693372_T,1,"{3,4,5,7,8}",test,FALSE,TRUE,FALSE,TRUE
1900003_T,1,{9},train,FALSE,FALSE,FALSE,FALSE
869734_T,1,{3},train,FALSE,FALSE,FALSE,FALSE
835195_T,1,"{22,24,26,28}",train,FALSE,FALSE,FALSE,FALSE
2977863_T,1,{3},train,FALSE,FALSE,FALSE,FALSE
2503526_T,1,{3},train,FALSE,FALSE,FALSE,FALSE
909729_T,1,"{47,49,51}",train,FALSE,FALSE,FALSE,FALSE
799437_T,1,{109},train,FALSE,FALSE,FALSE,FALSE
4159069_T,1,{230},test,FALSE,FALSE,FALSE,FALSE
1350601_T,1,"{123,125,128}",train,FALSE,FALSE,FALSE,FALSE
2199867_T,1,{10},train,FALSE,FALSE,FALSE,FALSE
3237099_T,1,{30},train,FALSE,FALSE,FALSE,FALSE
924219_T,1,{44},train,FALSE,FALSE,FALSE,FALSE
876462_T,1,{25},train,FALSE,FALSE,FALSE,FALSE
1228539_T,1,"{113,115,117}",test,TRUE,FALSE,FALSE,TRUE
1606083_T,1,"{80,82,84}",test,FALSE,FALSE,FALSE,FALSE
3987727_T,1,"{44,46}",train,FALSE,FALSE,FALSE,FALSE
4701287_T,1,{65},test,FALSE,FALSE,FALSE,FALSE
2197543_T,1,{5},train,FALSE,FALSE,FALSE,FALSE
4734913_T,1,"{77,78,80,82}",train,FALSE,FALSE,FALSE,FALSE
2773998_T,1,{5},test,FALSE,FALSE,FALSE,FALSE
848700_T,1,{103},train,FALSE,FALSE,FALSE,FALSE
1681935_T,1,"{40,42}",train,FALSE,FALSE,FALSE,FALSE
4728785_T,1,{102},train,FALSE,FALSE,FALSE,FALSE
707997_T,1,"{46,48,50}",train,FALSE,FALSE,FALSE,FALSE
4137163_T,1,{29},train,FALSE,FALSE,FALSE,FALSE
3424438_T,1,{30},test,FALSE,TRUE,FALSE,TRUE
893431_T,1,{31},train,FALSE,FALSE,FALSE,FALSE
2315881_T,1,"{29,31}",train,FALSE,FALSE,FALSE,FALSE
4244031_T,1,{7},train,FALSE,TRUE,FALSE,TRUE
3236338_T,1,"{19,20,21,22,23,24,25,26,27,28,29,30,31,32}",test,FALSE,FALSE,FALSE,FALSE
3737664_T,1,{46},train,FALSE,FALSE,FALSE,FALSE
2006325_T,1,{24},test,FALSE,FALSE,FALSE,FALSE
2494638_T,1,{66},train,FALSE,FALSE,FALSE,FALSE
728267_T,1,{63},train,FALSE,FALSE,FALSE,FALSE
1358593_T,1,{31},train,FALSE,FALSE,FALSE,FALSE
697899_T,1,{38},test,FALSE,FALSE,FALSE,FALSE
4213907_T,1,"{47,48}",test,FALSE,FALSE,FALSE,FALSE
1351590_T,1,"{13,15}",test,FALSE,FALSE,FALSE,FALSE
907475_T,1,"{103,105}",test,TRUE,TRUE,FALSE,TRUE
1648932_T,1,"{64,65}",train,FALSE,FALSE,FALSE,FALSE
1092710_T,1,"{62,64}",train,FALSE,FALSE,FALSE,FALSE
3241662_T,1,"{15,17,19}",train,FALSE,FALSE,FALSE,FALSE
1785228_T,1,{46},train,FALSE,FALSE,FALSE,FALSE
4709863_T,1,"{3,4,5,6,7,8,9,10,11,12}",train,FALSE,FALSE,FALSE,FALSE
798456_T,1,"{59,61}",train,FALSE,FALSE,FALSE,FALSE
732711_T,1,"{27,29,31,33}",train,FALSE,FALSE,FALSE,FALSE
4849901_T,1,{59},train,FALSE,FALSE,FALSE,FALSE
3740054_T,1,"{3,4,6}",train,FALSE,FALSE,FALSE,FALSE
3439217_T,1,{14},train,FALSE,FALSE,FALSE,FALSE
1280401_T,1,"{82,84}",train,FALSE,TRUE,FALSE,TRUE
2705226_T,1,{5},test,FALSE,FALSE,FALSE,FALSE
1669208_T,1,{106},train,TRUE,FALSE,FALSE,TRUE
1054044_T,1,{99},train,FALSE,FALSE,FALSE,FALSE
2709501_T,1,{16},test,FALSE,FALSE,FALSE,FALSE
3001392_T,1,{37},test,FALSE,FALSE,FALSE,FALSE
2697502_T,1,{42},train,FALSE,FALSE,FALSE,FALSE
2659854_T,1,{57},train,FALSE,FALSE,FALSE,FALSE
4160429_T,1,{24},train,FALSE,FALSE,FALSE,FALSE
2084945_T,1,{24},train,FALSE,FALSE,FALSE,FALSE
2174376_T,1,"{26,28,29}",train,FALSE,FALSE,FALSE,FALSE
4894910_T,1,{12},test,FALSE,FALSE,FALSE,FALSE
4216435_T,1,"{17,19}",train,FALSE,FALSE,FALSE,FALSE
4741752_T,1,{13},train,FALSE,FALSE,FALSE,FALSE
2689640_T,1,{15},train,FALSE,FALSE,FALSE,FALSE
2330784_T,1,"{72,74}",test,FALSE,FALSE,FALSE,FALSE
1194700_T,1,{89},test,FALSE,FALSE,FALSE,FALSE
1140022_T,1,{3},test,FALSE,FALSE,FALSE,FALSE
2221874_T,1,{37},train,FALSE,FALSE,FALSE,FALSE
1521490_T,1,"{44,45}",train,FALSE,FALSE,FALSE,FALSE
2077371_T,1,{62},test,FALSE,FALSE,FALSE,FALSE
966307_T,1,"{64,66}",train,TRUE,FALSE,FALSE,TRUE
2506912_T,1,"{3,4,5,6}",train,FALSE,TRUE,FALSE,TRUE
4866622_T,1,"{18,20}",train,FALSE,FALSE,FALSE,FALSE
2104382_T,1,{79},test,FALSE,TRUE,FALSE,TRUE
1576209_T,1,{73},train,FALSE,FALSE,FALSE,FALSE
848922_T,1,{26},train,FALSE,FALSE,FALSE,FALSE
4210308_T,1,{3},train,FALSE,FALSE,FALSE,FALSE
4830004_T,1,"{45,46,47}",train,FALSE,FALSE,FALSE,FALSE
1404453_T,1,{9},test,FALSE,FALSE,FALSE,FALSE
1994516_T,1,"{24,25,26}",test,TRUE,FALSE,FALSE,TRUE
3377575_T,1,"{15,17,18}",train,FALSE,FALSE,FALSE,FALSE
2788341_T,1,{130},train,FALSE,FALSE,FALSE,FALSE
4702194_T,1,"{27,28}",train,FALSE,FALSE,FALSE,FALSE
1684760_T,1,"{19,22,23,24,25,26,27,28,29,30}",train,TRUE,FALSE,FALSE,TRUE
4996570_T,1,{8},train,TRUE,FALSE,FALSE,TRUE
4217506_T,1,{12},train,FALSE,FALSE,FALSE,FALSE
4157118_T,1,"{12,13,14,15}",train,FALSE,FALSE,FALSE,FALSE
4731557_T,1,{41},train,FALSE,TRUE,FALSE,TRUE
1903617_T,1,{70},train,FALSE,FALSE,FALSE,FALSE
5004492_T,1,{55},train,FALSE,FALSE,FALSE,FALSE
4144011_T,1,"{63,64}",test,FALSE,FALSE,FALSE,FALSE
1633994_T,1,{5},train,FALSE,FALSE,FALSE,FALSE
3400598_T,1,{74},test,FALSE,FALSE,FALSE,FALSE
2075951_T,1,"{40,42}",test,FALSE,TRUE,FALSE,TRUE
4988200_T,1,{219},test,FALSE,FALSE,FALSE,FALSE
2082577_T,1,"{35,36}",test,FALSE,FALSE,FALSE,FALSE
2047341_T,1,{97},train,FALSE,FALSE,FALSE,FALSE
1414657_T,1,{75},train,FALSE,FALSE,FALSE,FALSE
1354808_T,1,"{29,31}",train,FALSE,TRUE,FALSE,TRUE
658158_T,1,{3},train,FALSE,FALSE,FALSE,FALSE
1299259_T,1,{181},train,FALSE,FALSE,FALSE,FALSE
1990172_T,1,{49},test,FALSE,FALSE,FALSE,FALSE
759496_T,1,{85},train,FALSE,FALSE,FALSE,FALSE
1617625_T,1,{13},train,FALSE,FALSE,FALSE,FALSE
1658496_T,1,{46},test,FALSE,FALSE,FALSE,FALSE
1847016_T,1,{27},train,FALSE,FALSE,FALSE,FALSE
1401706_T,1,{153},train,FALSE,FALSE,FALSE,FALSE
1668730_T,1,"{25,26,27}",train,FALSE,FALSE,FALSE,FALSE
2782328_T,1,{99},test,FALSE,FALSE,FALSE,FALSE
883855_T,1,"{18,19}",train,FALSE,FALSE,FALSE,FALSE
1349344_T,1,{36},train,FALSE,FALSE,FALSE,FALSE
1104148_T,1,{51},test,FALSE,FALSE,FALSE,FALSE
4234077_T,1,{35},test,FALSE,FALSE,FALSE,FALSE
2355733_T,1,{20},test,FALSE,FALSE,FALSE,FALSE
3448240_T,1,"{22,23}",train,TRUE,FALSE,FALSE,TRUE
1178592_T,1,{68},test,FALSE,FALSE,FALSE,FALSE
981879_T,1,"{24,26,27,28,30}",train,FALSE,FALSE,FALSE,FALSE
1917218_T,1,"{3,5}",train,FALSE,TRUE,FALSE,TRUE
2143680_T,1,{119},train,FALSE,FALSE,FALSE,FALSE
4204389_T,1,"{3,4}",train,FALSE,FALSE,FALSE,FALSE
1833752_T,1,{3},train,FALSE,FALSE,FALSE,FALSE
5100452_T,1,{39},train,FALSE,FALSE,FALSE,FALSE
4967647_T,1,{37},train,FALSE,FALSE,FALSE,FALSE
2492514_T,1,"{69,70,71,73,74,75,77}",test,FALSE,FALSE,FALSE,FALSE
2333269_T,1,"{49,51}",train,FALSE,FALSE,FALSE,FALSE
1616278_T,1,"{9,11,13,16,17,18,19}",train,FALSE,FALSE,FALSE,FALSE
1094227_T,1,"{33,35,37}",test,FALSE,FALSE,FALSE,FALSE
930032_T,1,"{48,50}",test,FALSE,FALSE,FALSE,FALSE
3785984_T,1,{56},train,FALSE,FALSE,FALSE,FALSE
4987815_T,1,"{11,12,13,14,16}",train,FALSE,FALSE,FALSE,FALSE
2088450_T,1,{36},test,FALSE,FALSE,FALSE,FALSE
2073572_T,1,"{32,34,35,37}",test,FALSE,FALSE,FALSE,FALSE
4862639_T,1,{11},test,FALSE,TRUE,FALSE,TRUE
3905625_T,1,{97},train,FALSE,FALSE,FALSE,FALSE
4017537_T,1,{27},train,FALSE,FALSE,FALSE,FALSE
1405496_T,1,{72},test,FALSE,FALSE,FALSE,FALSE
3200939_T,1,{3},train,FALSE,FALSE,FALSE,FALSE
1278026_T,1,"{27,29}",train,FALSE,FALSE,FALSE,FALSE
4979816_T,1,{35},train,FALSE,FALSE,FALSE,FALSE
1988060_T,1,"{7,8,9}",train,TRUE,FALSE,FALSE,TRUE
3194823_T,1,"{72,73}",train,FALSE,FALSE,FALSE,FALSE
2086284_T,1,{31},train,TRUE,FALSE,FALSE,TRUE
1146402_T,1,{8},train,FALSE,FALSE,FALSE,FALSE
2720236_T,1,{61},train,FALSE,FALSE,FALSE,FALSE
4925123_T,1,"{61,63,65}",test,FALSE,FALSE,FALSE,FALSE
1428662_T,1,{28},train,FALSE,TRUE,FALSE,TRUE
785538_T,1,{108},train,FALSE,FALSE,FALSE,FALSE
1668345_T,1,"{25,27,29,31,33,34}",test,FALSE,FALSE,FALSE,FALSE
708631_T,1,"{19,21}",train,TRUE,FALSE,FALSE,TRUE
944131_T,1,"{15,16}",train,TRUE,FALSE,FALSE,TRUE
4783587_T,1,"{4,6,7}",train,TRUE,FALSE,FALSE,TRUE
2070886_T,1,{137},test,TRUE,FALSE,FALSE,TRUE
788191_T,1,"{21,24}",test,FALSE,FALSE,FALSE,FALSE
1350532_T,1,{3},train,TRUE,FALSE,FALSE,TRUE
1674145_T,1,{22},train,FALSE,FALSE,FALSE,FALSE
1300172_T,1,"{57,59,61}",train,FALSE,FALSE,FALSE,FALSE
1660440_T,1,"{3,4}",train,FALSE,FALSE,FALSE,FALSE
4690776_T,1,"{51,52,53,54,55}",train,TRUE,FALSE,FALSE,TRUE
3964847_T,1,"{24,26,28,30}",train,FALSE,TRUE,FALSE,TRUE
1528710_T,1,"{27,29}",test,FALSE,FALSE,FALSE,FALSE
1915011_T,1,{45},test,FALSE,FALSE,FALSE,FALSE
2964158_T,1,{30},train,FALSE,FALSE,FALSE,FALSE
1230014_T,1,{7},train,FALSE,FALSE,FALSE,FALSE
3845253_T,1,{22},test,FALSE,FALSE,FALSE,FALSE
3375370_T,1,"{83,85,87}",train,TRUE,FALSE,FALSE,TRUE
4982948_T,1,"{37,38}",train,FALSE,FALSE,FALSE,FALSE
4206982_T,1,{72},train,FALSE,FALSE,FALSE,FALSE
1522581_T,1,{132},test,FALSE,FALSE,FALSE,FALSE
4223997_T,1,"{20,22,24,26,27}",train,TRUE,FALSE,FALSE,TRUE
4782870_T,1,{41},train,FALSE,FALSE,FALSE,FALSE
4892168_T,1,{7},test,FALSE,FALSE,FALSE,FALSE
2802187_T,1,"{14,15}",train,FALSE,FALSE,FALSE,FALSE
4937406_T,1,"{3,5}",train,FALSE,FALSE,FALSE,FALSE
1850817_T,1,{3},train,FALSE,FALSE,FALSE,FALSE
1272636_T,1,"{12,14}",train,FALSE,TRUE,FALSE,TRUE
1359198_T,1,{3},train,FALSE,FALSE,FALSE,FALSE
766811_T,1,{3},train,FALSE,FALSE,FALSE,FALSE
1296495_T,1,{23},test,FALSE,FALSE,FALSE,FALSE
3236774_T,1,"{62,64,65}",train,FALSE,FALSE,FALSE,FALSE
1927561_T,1,"{30,31,32,33}",train,FALSE,FALSE,FALSE,FALSE
2005481_T,1,"{56,57,58}",train,FALSE,FALSE,FALSE,FALSE
1822835_T,1,{52},test,FALSE,FALSE,FALSE,FALSE
1026966_T,1,"{21,22,23}",test,FALSE,FALSE,FALSE,FALSE
836732_T,1,{34},train,TRUE,FALSE,FALSE,TRUE
3422839_T,1,{3},train,FALSE,FALSE,FALSE,FALSE
801946_T,1,"{26,27,28}",train,FALSE,TRUE,FALSE,TRUE
4785322_T,1,"{119,120,121,122,124}",train,FALSE,FALSE,FALSE,FALSE
1153860_T,1,{22},train,FALSE,TRUE,FALSE,TRUE
2088527_T,1,"{75,77,79,80}",train,FALSE,FALSE,FALSE,FALSE
3224390_T,1,{7},train,FALSE,FALSE,FALSE,FALSE
3420595_T,1,{17},test,FALSE,FALSE,FALSE,FALSE
1564480_T,1,"{118,120,121}",train,FALSE,FALSE,FALSE,FALSE
3369459_T,1,{65},test,FALSE,FALSE,FALSE,FALSE
